index,Title,Year,Database,DOI,Abstract,C1_dt,C2_validation,C3_abstract,C4_scope,abstract_words,bucket_v3,decision_v3_final,motif_v3_final
5,"AI Agent-Based Intelligent Urban Digital Twin (I-UDT): Concept, Methodology, and Case Studies",2025,Scopus | Web of Science,10.3390/smartcities8010028,"Highlights What are the main findings? In the developed AI agent-based intelligent digital twin (I-DT), UBEM overcomes the limitations of the traditional UBEM approach and enables efficient analysis of urban building energy. GPT-based UBEM effectively performed the core functions of UBEM, serving as a key technology in I-UDT applications and services. What are the implications of the main findings? The I-UDT enables more accurate and comprehensive urban energy management, supporting the development of sustainable cities and carbon-neutral strategies. Implementing I-UDTs enables urban policymakers to make data-driven decisions, improve energy efficiency, and enhance the scalability of digital twin applications.Highlights What are the main findings? In the developed AI agent-based intelligent digital twin (I-DT), UBEM overcomes the limitations of the traditional UBEM approach and enables efficient analysis of urban building energy. GPT-based UBEM effectively performed the core functions of UBEM, serving as a key technology in I-UDT applications and services. What are the implications of the main findings? The I-UDT enables more accurate and comprehensive urban energy management, supporting the development of sustainable cities and carbon-neutral strategies. Implementing I-UDTs enables urban policymakers to make data-driven decisions, improve energy efficiency, and enhance the scalability of digital twin applications.Abstract The concept of digital twins (DTs) has expanded to encompass buildings and cities, with urban building energy modeling (UBEM) playing a crucial role in predicting urban-scale energy consumption via modeling individual energy use and interactions. As a virtual model within urban digital twins (UDTs), UBEM offers the potential for managing energy in sustainable cities. However, UDTs face challenges with regard to integrating large-scale data and relying on bottom-up UBEM approaches. In this study, we propose an AI agent-based intelligent urban digital twin (I-UDT) to enhance DTs' technical realization and UBEM's service functionality. Integrating GPT within the UDT enabled the efficient integration of fragmented city-scale data and the extraction of building features, addressing the limitations of the service realization of traditional UBEM. This framework ensures continuous updates of the virtual urban model and the streamlined provision of updated information to users in future studies. This research establishes the concept of an I-UDT and lays a foundation for future implementations. The case studies include (1) data analysis, (2) prediction, (3) feature engineering, and (4) information services for 3500 buildings in Seoul. Through these case studies, the I-UDT was integrated and analyzed scattered data, predicted energy consumption, derived conditioned areas, and evaluated buildings on benchmark.",PASS,PASS,PASS,FAIL,424,EXCLUDE_AUTO,EXCLURE,FAIL on C4_scope
6,Control Strategy for Building Air Conditioning Cluster Loads Participating in Demand Response Based on Cyber-Physical System,2024,Scopus | Web of Science,10.3390/en17061291,"In recent years, with rising urbanization and ongoing adjustments in industrial structures, there has been a growing dependence on public buildings. The load of public buildings gradually becomes the main component of the peak load in summer, among which the load of air conditioning is particularly prominent. To clarify the key problems and solutions to these challenges, this study proposes a multi-objective optimization control strategy for building air conditioning cluster participation in demand response based on Cyber-Physical System (CPS) architecture. In a three-layer typical CPS architecture, the unit level of the CPS achieves dynamic information perception of air conditioning clusters through smart energy terminals. An air conditioning load model based on the multiple parameter types of air conditioning compressors is presented. Then, the system level of the CPS fuses multiple pieces of information through smart energy gateways, analyzing the potential for air conditioning clusters when they participate in demand response. The system of system level (SoS level) of the CPS deploys a multi-objective optimization control strategy which includes the uncertainty of the initial states of air conditioning clusters within the intelligent building energy management system. The optimal model takes into account the differences in the environmental conditions of each individual air conditioning unit within the cluster and sets different operating modes for each unit to achieve load reduction while maintaining temperatures within a comfortable range for the human body. The Multi-Objective Particle Swarm Optimization (MOPSO) algorithm based on Pareto frontiers is applied to solve this optimization control strategy and to optimize the operational parameters of the air conditioning clusters. A comparative analysis is conducted with single-objective optimization results obtained using the traditional Particle Swarm Optimization (PSO) algorithm. The case study results indicate that the proposed multi-objective optimization control strategy can effectively improve the thermal comfort of the human body towards the controlled temperatures of air conditioning clusters while meeting the accuracy of demand response. In the solution phase, the highest temperature within the air conditioning clusters is 24 °C and the lowest temperature is 23 °C. Adopting the proposed multi-objective optimization control strategy, the highest temperature is 26 °C and the lowest temperature is 23.5 °C within the clusters and the accuracy of demand response is up to 92%. Compared to the traditional PSO algorithm, the MOPSO algorithm has advantages in convergence and optimization precision for solving the proposed multi-objective optimization control strategy. © 2024 Elsevier B.V., All rights reserved.",WEAK,PASS,PASS,PASS,410,BORDERLINE,INCLURE,"CPS multi-niveau pour AC cluster, validation, batiment public"
9,Visualised inspection system for monitoring environmental anomalies during daily operation and maintenance,2020,Scopus | Web of Science,10.1108/ecam-11-2019-0640,"Purpose: Visual inspection and human judgement form the cornerstone of daily operations and maintenance (O&M) services activities carried out by facility managers nowadays. Recent advances in technologies such as building information modelling (BIM), distributed sensor networks, augmented reality (AR) technologies and digital twins present an immense opportunity to radically improve the way daily O&M is conducted. This paper aims to describe the development of an AR-supported automated environmental anomaly detection and fault isolation method to assist facility managers in addressing problems that affect building occupants’ thermal comfort. Design/methodology/approach: The developed system focusses on the detection of environmental anomalies related to the thermal comfort of occupants within a building. The performance of three anomaly detection algorithms in terms of their ability to detect indoor temperature anomalies is compared. Based on the fault tree analysis (FTA), a decision-making tree is developed to assist facility management (FM) professionals in identifying corresponding failed assets according to the detected anomalous symptoms. The AR system facilitates easy maintenance by highlighting the failed assets hidden behind walls/ceilings on site to the maintenance personnel. The system can thus provide enhanced support to facility managers in their daily O&M activities such as inspection, recording, communication and verification. Findings: Taking the indoor temperature inspection as an example, the case study demonstrates that the O&M management process can be improved using the proposed AR-enhanced inspection system. Comparative analysis of different anomaly detection algorithms reveals that the binary segmentation-based change point detection is effective and efficient in identifying temperature anomalies. The decision-making tree supported by FTA helps formalise the linkage between temperature issues and the corresponding failed assets. Finally, the AR-based model enhanced the maintenance process by visualising and highlighting the hidden failed assets to the maintenance personnel on site. Originality/value: The originality lies in bringing together the advances in augmented reality, digital twins and data-driven decision-making to support the daily O&M management activities. In particular, the paper presents a novel binary segmentation-based change point detection for identifying temperature anomalous symptoms, a decision-making tree for matching the symptoms to the failed assets, and an AR system for visualising those assets with related information. © 2021 Elsevier B.V., All rights reserved.",PASS,PASS,PASS,PASS,377,INCLUDE_AUTO,INCLURE,Tous criteres PASS
10,Office-in-the-Loop: an investigation into Agentic AI for advanced building HVAC control systems,2025,Scopus | Web of Science,10.1017/dce.2025.10010,"Heating, Ventilation, and Air Conditioning (HVAC) systems are major energy consumers in buildings, challenging the balance between efficiency and occupant comfort. While prior research explored generative AI for HVAC control in simulations, real-world validation remained scarce. This study addresses this gap by designing, deploying, and evaluating Office-in-the-Loop, a novel cyber-physical system leveraging generative AI within an operational office setting. Capitalizing on multimodal foundation models and Agentic AI, our system integrates real-time environmental sensor data (temperature, occupancy, etc.), occupants' subjective thermal comfort feedback, and historical context as input prompts for the generative AIto dynamically predict optimal HVAC temperature setpoints. Extensive real-world experiments demonstrate significant energy savings (up to 47.92%) while simultaneously improving comfort (up to 26.36%) compared to baseline operation. Regression analysis confirmed the robustness of our approach against confounding variables like outdoor conditions and occupancy levels. Furthermore, we introduce Data-Driven Reasoning using Agentic AI, finding that prompting the AI for data-grounded rationales significantly enhances prediction stability and enables the inference of system dynamics and cost functions, bypassing the need for traditional reinforcement learning paradigms. This work bridges simulation and reality, showcasing generative AI's potential for efficient, comfortable building environments and indicating future scalability to large systems like data centers. Impact Statement Heating, Ventilation, and Air Conditioning (HVAC) systems significantly contribute to building energy consumption, creating a challenge in balancing energy savings with occupant comfort. We demonstrated an Office-in-the-Loop control system using generative AI in a real office environment to address this issue. This system integrates diverse real-time sensor data and occupant comfort feedback, allowing the AIto autonomously determine optimal HVAC settings based on this multimodal information and historical data. Our field experiments successfully resolved the traditional energy-comfort trade-off, demonstrating substantial energy reductions (up to 47.92%) while simultaneously enhancing occupant comfort (up to 26.36%). Furthermore, our Data-Driven Reasoning prompt enhances control reliability and enables inference of system dynamics, bypassing complex reinforcement learning. This work represents a significant step toward smarter, efficient, comfortable buildings, applicable beyond offices to data centers and industrial facilities.",WEAK,PASS,PASS,PASS,352,BORDERLINE,INCLURE,"Real-world experiments office, 47.92% savings, CPS deploye"
11,Heat pump digital twin: An accurate neural network model for heat pump behaviour prediction,2025,Scopus | Web of Science,10.1016/j.apenergy.2024.124816,"Heat pumps are key in reaching the carbon emission reduction goals and can also be used to provide energy flexibility services. In this context, accurate heat pump control is crucial and requires a detailed heat pump model. Such a model should enable to take into account the latest information of the system in order to determine the expected heat pump behaviour. Several works already proposed a variety of heat pump models, but mainly adopt time steps above fifteen minutes. Given these larger time steps, the effects of the internal heat pump control strategies such as the compressor ramping rate or variable speed pump control logics are neglected. Hence, energy management systems are not able to obtain accurate information on the expected heat pump response when applying a certain control signal. Therefore, this work investigates the role of neural networks in developing a digital twin of a water/water heat pump, which adopts a time step of one minute and uses experimental data from a hardware-in-the-loop set-up. An architecture with six inputs and six outputs is proposed. The inputs contain the measured flow rates and inlet temperatures at both the evaporator and condenser, but also the measured and requested condenser outlet temperatures. The outputs of the model are the thermal capacity and electricity consumption, accompanied by the flow rates and outlet temperatures at both the evaporator and condenser. Two different types of neural networks are investigated, i.e. (1) feedforward neural networks and (2) long short-term memory neural networks using several time horizons regarding the previous heat pump operation. The models are evaluated for both a single time step ahead (monitoring) and multiple time steps ahead (behaviour prediction). Regarding the latter aspect, a long short-term memory neural network using the latest 60 min of operational data achieved the following prediction errors: electrical power consumption within ±10 % for 79.70 % of the time, condenser flow rate within ±10 % for 89.81 % of the time and condenser outlet temperature within ±1 % for 83.89 % of the time. The ability of long short-term memory neural networks to take into account previous control decisions is seen key in achieving reliable multiple time step ahead predictions. Finally, the replicability of the model to be used for a different heat emission system is also evaluated. Results show a poorer performance as the model is trained and tested on a different heat emission system, but indicate the potential for replicability when enriching the training dataset. © 2024 Elsevier B.V., All rights reserved.",PASS,PASS,PASS,PASS,421,INCLUDE_AUTO,INCLURE,Tous criteres PASS
13,"DIGITAL TWIN FOR STRUCTURAL HEALTH MONITORING OF CULTURAL HERITAGE: THE BUILDCHAIN DEMO-PILOT, PALAZZO PONIATOWSKI-GUADAGNI IN FLORENCE",2024,Scopus,10.23967/eccomas.2024.043,"Preserving the historical and cultural value of the built environment complying with the recent EU directives addressing resilience, sustainability, and energy efficiency in the building sector, is a modern challenge for Europe, as historical urban centres are prone to earthquakes and climate extremes events. Masonry buildings are particularly relevant in this context and the proper definition of mechanical parameters can be a crucial issue since they can vary in a wide range significantly affecting the outcomes of the assessment and the intervention strategies. A robust treatment of material uncertainties would require a substantial number of material tests, which can be both costly and time-consuming, as well as not aligned with the requirements of preservation. For this reason, it is extremely useful to rely on Bayesian inverse methods for the calibration of structural models based on limited measurements of the structural response. In the paper, the main steps towards the definition of digital twin for structural purposed of a heritage building are presented with reference to a significant case study, the Palazzo Poniatowski-Guadagni in Florence, a 18th century masonry building serving today as the headquarter of the local police. First, the development of Building Information Model (BIM) based on laser scanner survey data and the subsequent derivation of Finite Element (FE) model is shown. Then, a generalized Polynomial Chaos expansion (gPCE) surrogate model is introduced to reproduce the natural frequencies of the building. The surrogate model significantly decreases the computational time of the physics-based FE model, allowing the propagation of uncertainties in material properties, such as the elastic and Poisson’s ratio of masonry, relevant for the building’s dynamic response. Global sensitivity analyses are carried out using Sobol’ indices to assess the impact of input variability on the eigenfrequencies, evaluating the need for experimental campaigns and the set-up of a structural health monitoring (SHM) system. Replacing the deterministic FE solver with a gPCE surrogate model will facilitate quasi-real-time SHM. Therefore, the outcome will be a digital twin that serves as a tool for early warning and damage detection, relying on the Bayesian inference approach. The developed digital twin will be part of the BUILDCHAIN system, including Digital Building Logbook (DBL) and BIM, contributing to demonstrate the benefits of implementing innovative DBLs for management and preservation of cultural heritage. © 2025 Elsevier B.V., All rights reserved.",PASS,PASS,PASS,PASS,391,INCLUDE_AUTO,INCLURE,Tous criteres PASS
16,Toward cognitive digital twins using a BIM-GIS asset management system for a diffused university,2022,Scopus | Web of Science,10.3389/fbuil.2022.959475,"The integrated use of building information modeling (BIM) and geographic information system (GIS) is promising for the development of asset management systems (AMSs) for operation and maintenance (O&M) in smart university campuses. The combination of BIM-GIS with cognitive digital twins (CDTs) can further facilitate the management of complex systems such as university building stock. CDTs enable buildings to behave as autonomous entities, dynamically reacting to environmental changes. Timely decisions based on the actual conditions of buildings and surroundings can be provided, both in emergency scenarios or when optimized and adaptive performances are required. The research aims to develop a BIM-GIS-based AMS for improving user experience and enabling the optimal use of resources in the O&M phase of an Italian university. Campuses are complex assets, mainly diffused with buildings spread across the territory, managed with still document-based and fragmented databases handled by several subjects. This results in incomplete and asymmetrical information, often leading to ineffective and untimely decisions. The paper presents a methodology for the development of a BIM-GIS web-based platform (i.e., AMS-app) providing the real-time visualization of the asset in an interactive 3D map connected to analytical dashboards for management support. Two buildings of the University of Turin are adopted as demonstrators, illustrating the development of an easily accessible, centralized database by integrating spatial and functional data, useful also to develop future CDTs. As a first attempt to show the AMS app potential, crowd simulations have been conducted to understand the buildings’ actual level of safety in case of fire emergency and demonstrate how CDTs could improve it. The identification of data needed, also gathered through the future implementation of suitable sensors and Internet of Things networks, is the core issue together with the definition of effective asset visualization and monitoring methods. Future developments will explore the integration of artificial intelligence and immersive technologies to enable space use optimization and real-time wayfinding during evacuation, exploiting digital tools to alert and drive users or authorities for safety improvement. The ability to easily optimize the paths with respect to the actual occupancy and conditions of both the asset and surroundings will be enabled. © 2022 Elsevier B.V., All rights reserved.",PASS,PASS,PASS,PASS,370,INCLUDE_AUTO,INCLURE,Tous criteres PASS
23,Digital twin based deep learning framework for personalized thermal comfort prediction and energy efficient operation in smart buildings,2025,Scopus | SpringerNature | Web of Science,10.1038/s41598-025-10086-y,"The regulation of indoor thermal comfort is a critical aspect of smart building design, significantly influencing energy efficiency and occupant well-being. Traditional comfort models, such as Fanger's equation and adaptive approaches, often fall short in capturing individual occupant preferences and the dynamic nature of indoor environmental conditions. To overcome these limitations, we introduce a Digital Twin-driven framework integrated with an advanced attention-based Long Short-Term Memory (LSTM) model specifically tailored for personalised thermal comfort prediction and intelligent HVAC control. The attention mechanism effectively focuses on critical temporal features, enhancing both predictive performance and interpretability. Next, the Digital Twin enables the real-time simulation of indoor environments and occupant responses, facilitating proactive comfort management. We utilise a subset of the ASHRAE Global Thermal Comfort Database II, and extensive pre-processing, including median-based data imputation and feature normalisation, is conducted. The proposed model categorises Thermal Sensation Votes (TSVs) recorded on a 7-point ASHRAE scale into three classes: Uncomfortably Cold (UC) for TSV \documentclass[12pt]{minimal} \usepackage{amsmath} \usepackage{wasysym} \usepackage{amsfonts} \usepackage{amssymb} \usepackage{amsbsy} \usepackage{mathrsfs} \usepackage{upgreek} \setlength{\oddsidemargin}{-69pt} \begin{document}$$\le$$\end{document}-1, Neutral (N) for TSV = 0, and Uncomfortably Warm (UW) for TSV \documentclass[12pt]{minimal} \usepackage{amsmath} \usepackage{wasysym} \usepackage{amsfonts} \usepackage{amssymb} \usepackage{amsbsy} \usepackage{mathrsfs} \usepackage{upgreek} \setlength{\oddsidemargin}{-69pt} \begin{document}$$\ge$$\end{document}+1. The model achieves a test accuracy of 83.8%, surpassing previous state-of-the-art methods. Furthermore, Explainable AI (XAI) techniques, such as SHAP and LIME, are integrated to enhance transparency and interpretability, complemented by scenario-based energy efficiency analyses to evaluate energy-comfort trade-offs. This comprehensive approach provides a robust, interpretable, and energy-efficient solution for occupant-centric HVAC management in smart building systems.",PASS,WEAK,PASS,PASS,295,BORDERLINE,INCLURE,"DT explicite + LSTM, validation ASHRAE dataset (mon pilote)"
24,A digital twin architecture for real-time and offline high granularity analysis in smart buildings,2023,Scopus | Web of Science,10.1016/j.scs.2023.104795,"Smart buildings aim to create a safe, comfortable and sustainable environment for the occupants while increasing the energy performance of the building to reduce the environmental footprint and operational cost. Towards this direction, the use of model-based digital twins able to simulate key aspects of the building is important. Despite the utilization of various digital twin approaches for smart buildings in recent years, most of these approaches mainly focus on one aspect of the building, such as indoor environmental quality or energy consumption. This observation necessitates the development of a virtual but realistic and non-invasive environment able to simulate all the key domains of the building, including indoor air quality, thermal comfort, and energy consumption. Towards this direction, this work proposes an architecture for smart buildings investigations, that emulates the thermal comfort, air-quality, and electricity consumption of the building, while considering the activities and behavior of occupants. For simulating the building operations, ordinary differential equations and power balance modeling are incorporated to facilitate real-time or faster than real-time digital twin approaches, while computational fluid dynamics modeling is used complementarily, to enable higher granularity simulations for offline analysis. Both models have been validated in a real building achieving less than 1% average zone temperature error between the simulation models and the actual building sensor measurements. Furthermore, a user-friendly software platform has been developed and integrated with the proposed architecture, where multiple important features and characteristics have been included to enable various investigations. In particular, the developed platform enables physical and simulated building integration, model calibration using field measurements, experimental configuration and management, execution of novel what-if investigations, and evaluation of novel algorithms using hardware-in-the-loop configurations. The proposed architecture is applied in a physical building, allowing the demonstration of several investigations and the execution of interesting use-cases. © 2023 Elsevier B.V., All rights reserved.",PASS,PASS,PASS,PASS,313,INCLUDE_AUTO,INCLURE,Tous criteres PASS
25,A hardware-in-the-loop (HIL) testbed for cyber-physical energy systems in smart commercial buildings,2024,Scopus,10.1080/23744731.2024.2336839,"In recent years, there has been a growing trend toward the development of smart buildings that rely on cyber-physical systems (CPS) to optimize occupant comfort, safety, and energy efficiency. To ensure the reliable and efficient operation of CPS with designed control strategies, it is important to evaluate their performance under various scenarios before deploying them in the real world. This is where a Hardware-in-the-loop (HIL) testbed designed for studying sensor and control-related studies in smart buildings can be highly valuable. With the growing threat of cyber-attacks and physical faults targeting smart buildings, it is essential to ensure the security of building operations. A HIL testbed can emulate cyber-attack and physical fault scenarios, allowing researchers to develop and test threat detection and mitigation algorithms. This enables researchers to identify potential issues and optimize the algorithms in a safe and controlled environment before they are deployed in real-world settings, reducing the risk of failures that can negatively impact occupant comfort, safety, and energy efficiency. Therefore, this paper developed a HIL testbed designed for cyber-physical energy systems (e.g. buildings automation system (BAS)) in smart commercial buildings. The HIL testbed is comprised of a real-time building and Heating, Ventilation, and Air-Conditioning (HVAC) emulator using Modelica-based dynamic models, a set of BAS controllers, and a BAS computer server. The data generation capability of the HIL testbed is demonstrated by tracking normal and faulty operating data in the BAS, as well as monitoring detailed network traffic in the local BAS network. This study further demonstrates the HIL testbed’s capability by conducting case studies on real-time physical fault and cyber-attack experiments using a Department of Energy (DOE) prototype commercial building. It is anticipated that the fully functional HIL testbed will be utilized for a variety of sensor and control-related studies, including but not limited to testing, developing, validating of different HVAC control strategies, fault detection & diagnosis, energy monitoring and analysis, cyber security study, etc. © 2024 Elsevier B.V., All rights reserved.",WEAK,PASS,PASS,PASS,341,BORDERLINE,INCLURE,HIL testbed CPS smart commercial buildings
30,Developing a Multi-Region Stacking Ensemble Framework via Scenario-Based Digital Twin Simulation for Short-Term Household Energy Demand Forecasting,2025,Scopus | Web of Science,10.3390/app15179569,"Featured Application: This work introduces an optimized stacked ensemble model that significantly enhances the accuracy of hourly energy consumption forecasting. This model is particularly valuable for Digital Twin simulations in smart buildings. Its ability to accurately predict energy usage and robustly handle various real-world data challenges (like structural changes, sudden spikes, data quality issues, and appliance malfunctions) makes it an ideal tool for active energy management. Specifically, it can be applied to optimize building energy efficiency by enabling precise adjustments to HVAC systems and lighting, facilitate predictive maintenance of energy-consuming assets by allowing for timely interventions before failures intensify, support sustainable energy management strategies through accurately forecasting savings from efficiency upgrades and tracking their long-term impact, and enhance grid stability via improved demand-side management and real-time anomaly detection. By providing highly reliable and adaptive energy consumption forecasts, this model directly contributes to smarter, more efficient, and sustainable energy management. Modern energy grids, with their regional diversity and complex consumption patterns, require accurate short-term forecasting for operational efficiency and reliability. This study introduces a Stacking Ensemble Forecasting (SEF) framework for multi-region household energy demand, utilizing an optimized stacking ensemble model tuned via Bayesian Optimization to achieve superior predictive accuracy. The framework significantly improved accuracy across Diyarbakır, Istanbul, and Odemis, with a final model demonstrating up to 16.47% RMSE reduction compared to the best baseline models. The final model’s real-world performance was validated through a Simulated Digital Twin (SDT) environment, where scenario-based testing demonstrated its robustness against behavioral changes, data quality issues, and device failures. The proposed SEF-SDT framework offers a generalizable solution for managing diverse regions and consumption profiles, contributing to efficient and sustainable energy management. © 2025 Elsevier B.V., All rights reserved.",PASS,PASS,PASS,PASS,294,INCLUDE_AUTO,INCLURE,Tous criteres PASS
33,"Thermal modeling of existing buildings in high-fidelity simulators: A novel, practical methodology",2023,Scopus | Web of Science,10.1016/j.enbuild.2023.113127,"Optimizing efficiency in the operation of the HVAC system of existing buildings requires the construction of a thermal dynamic model of the building, which may be challenging because architectural metadata may be missing or obsolete. Based on a suitable set of measured data, this paper presents a novel practical methodology to create and automatically derive thermal models of existing buildings in high-fidelity simulators for energy management. To this end, the philosophy of grey-box strategies is followed to simplify the modeling and avoid the requirement of architectural metadata, facilitating and expediting the process. First, a building model with a highly reduced number of parameters is constructed by exploiting the existing similarities in the materials of the buildings and simplifying their elements to a simple one-layer parameterization. Then, the parameters of the derived model are iteratively updated while minimizing the error between the real temperature evolution and that generated by the model being identified. For this purpose, data of the room air temperature, estimated occupancy, weather conditions, and variables of the HVAC system are assumed to be available in suitable zones of the building to apply the creation and identification processes of the model, allowing that a whole digital twin of the building is constructed. The methodology is presented by its application to a real case study: the Nimbus Research Centre building at Munster Technological University, located in Cork (Ireland). The high-fidelity simulator software TRNSYS is used for the modeling task, together with the GenOpt optimization program. The results demonstrate that the proposed methodology yields a highly accurate model of the building, capable of representing reality with RMSE values consistently below 0.6C∘ during open-loop validation periods of up to four days. The findings suggest that this methodology may outperform other modeling techniques reported in the literature. Importantly, the proposed technique is less complex and time-consuming to implement than many of the alternatives. © 2023 Elsevier B.V., All rights reserved.",PASS,PASS,PASS,PASS,324,INCLUDE_AUTO,INCLURE,Tous criteres PASS
34,A synergistic approach using digital twins and statistical machine learning for intelligent residential energy modelling,2025,Scopus | SpringerNature | Web of Science,10.1038/s41598-025-09760-y,"The growing need for energy efficiency in buildings has driven significant improvements in digitalisation and intelligent energy management. Traditional energy management techniques often fail to address dynamic energy demands and user preferences, leading to inefficiencies and increased costs. This paper proposes a framework that integrates Digital Twin (DT) systems with Artificial Intelligence (AI) algorithms for intelligent building energy consumption assessment by developing real-time virtual twin representations. Unlike conventional DT models used mainly for visualization or simulation, the proposed approach leverages DTs as adaptive, data-driven decision-making tools that evolve through continuous IoT sensor feedback. This dynamic representation of physical systems enables real-time energy optimization and facilitates intelligent control to enhance both efficiency and sustainability. The system categorizes buildings into energy-efficient and non-energy-efficient groups with an accuracy of 98% by leveraging IoT sensor data, along with Random Forest, Deep Neural Networks, Long Short-Term Memory networks, and Bidirectional Long Short-Term Memory networks. The framework encompasses comprehensive data preprocessing, feature engineering, and the implementation of cutting-edge AI techniques, highlighting the transformative potential of this integrated approach. The results, illustrated through various graphical representations, demonstrate the critical role of DT and AI in optimising energy management, minimising waste, and driving sustainability in industrial and urban environments. Confusion matrices and performance metric graphs reveal that the Random Forest model outperforms other techniques. Meanwhile, training curves and feature importance visualizations provide insights into model behaviour and key factors influencing energy efficiency. This research underscores the significance of combining real-time DT environments with intelligent learning models to address modern energy efficiency challenges and support the development of adaptive, sustainable building systems. © 2025 Elsevier B.V., All rights reserved.",PASS,PASS,PASS,WEAK,281,BORDERLINE,INCLURE,"DT explicite IoT residential, 98% accuracy validation"
42,Modeling indoor thermal comfort in buildings using digital twin and machine learning,2024,Scopus | Web of Science,10.1016/j.dibe.2024.100480,"Digital Twin (DT) concept is used in different domains and industries, including the building industry, as it has physical and digital assets with the help of Building Information Modeling (BIM). Technologies and methodologies constantly enrich the building industry because the amount of data generated during different building stages is considerable and has a tremendous effect on the lifecycle of a building. Previous research underscores the importance of seamlessly exchanging information between physical and digital assets within a comprehensive framework, particularly emphasizing the integration of BIM data with various systems to enhance efficiency and prevent information loss. Despite advancements in technologies, challenges persist in optimizing methods for integrating BIM data into DT frameworks, including ensuring interoperability, scalability, and real-time monitor and control. This study addresses this research gap by proposing a comprehensive platform that integrates the DT concept with IoT and BIM technologies. The platform is developed in five main stages: 1) acquiring electronic data of the building from the laser scanner, 2) developing a Wi-Fi IoT module and BIM data for physical assets and digital replica, 3) constructing the DT elements of the platform, 4) performing data analysis 5) implementing thermal comfort prediction models. Two machine learning models (Facebook prophet, NeuralProphet) are implemented to predict thermal comfort. The best predictive model is identified by evaluating its error function using historical training data collected during facility operation. A case study demonstrates the practical application of the proposed framework. The case study involves a real building where the platform is implemented to monitor and control indoor environments. By utilizing predefined data in BIM models, the platform ensures data accuracy, consistency, and usability. The case outputs reveal that Neuralprophet provides good prediction results. © 2024 Elsevier B.V., All rights reserved.",PASS,PASS,PASS,PASS,289,INCLUDE_AUTO,INCLURE,Tous criteres PASS
43,Advanced Energy Performance Modelling: Case Study of an Engineering and Technology Precinct,2024,Scopus | Web of Science,10.3390/buildings14061774,"The global demand for energy is significantly impacted by the consumption patterns within the building sector. As such, the importance of energy simulation and prediction is growing exponentially. This research leverages Building Information Modelling (BIM) methodologies, creating a synergy between traditional software methods and algorithm-driven approaches for comprehensive energy analysis. The study also proposes a method for monitoring select energy management factors, a step that could potentially pave the way for the integration of digital twins in energy management systems. The research is grounded in a case study of a newly constructed educational building in New South Wales, Australia. The digital physical model of the building was created using Autodesk Revit, a conventional software for BIM methodology. EnergyPlus, facilitated by OpenStudio, was employed for the traditional software-based energy analysis. The energy analysis output was then used to develop preliminary algorithm models using regression strategies in Python. In this regression analysis, the temperature and relative humidity of each energy unit were used as independent variables, with their energy consumption being the dependent variable. The sigmoid algorithm model, known for its accuracy and interpretability, was employed for advanced energy simulation. This was combined with sensor data for real-time energy prediction. A basic digital twin (DT) example was created to simulate the dynamic control of air conditioning and lighting, showcasing the adaptability and effectiveness of the system. The study also explores the potential of machine learning, specifically reinforcement learning, in optimizing energy management in response to environmental changes and usage conditions. Despite the current limitations, the study identifies potential future research directions. These include enhancing model accuracy and developing complex algorithms to boost energy efficiency and reduce costs. © 2024 Elsevier B.V., All rights reserved.",PASS,PASS,PASS,PASS,285,INCLUDE_AUTO,INCLURE,Tous criteres PASS
52,Intellectual Data Analysis System of Building Temperature Mode Monitoring,2019,Scopus,10.1109/rusautocon.2019.8867611,"Energy consumption of heat supply systems is inefficient in most of the cases. Nowadays technologies reveal a new field for optimization of building control processes. This paper proposes an approach to automatize the heat supply management in a smart building. The goal is to reduce financial costs while keeping thermal comfort is in sustainable state. The authors review solutions of the heat supply process automation based on Internet of Things platforms. The proposed approach uses the possibility of gathering detailed information from temperature sensors. The data analysis allows observing changes and producing adequate heat management solutions in real time. In addition, the authors implemented methods for the classification of rooms from the temperature mode characteristic. The proposed approach forms the basis of an intellectual data analysis system, which is capable of a temperature mode modelling and controlling the heat supply process of the building. The system consists of three layers with unified data stream. The first layer handles raw data and performs preliminary processing. Moreover, it produces heat map of the building besides of modification of the data flow for the next module. The second layer is responsible for building classification models. Its main outputs are labeled as a frame building model based on derived classes. The third layer performs high-end analysis and builds digital twin of the building. The system provides both simulations of various temperature modes based on the generated temperature data and computational experiments with real data provided by special sensors. Temperature and weather (temperature, pressure, wind parameters) data are periodically requested from sensors located inside and, accordingly, outside the building. So, our system provides to apply streaming data from sensors for the periodical fitting of classification models, which improves their accuracy. © 2020 Elsevier B.V., All rights reserved.",PASS,PASS,PASS,PASS,293,INCLUDE_AUTO,INCLURE,Tous criteres PASS
53,A customizable benchmarking tool for evaluating personalized thermal comfort provisioning in smart spaces using Digital Twins,2025,Scopus | Web of Science,10.1016/j.pmcj.2025.102076,"Providing proper thermal comfort to individual occupants is crucial to improve well-being and work efficiency. However, Heating, Ventilation, and Air Conditioning (HVAC) systems are responsible for a large portion of energy consumption and CO2 emissions in buildings. To combat the current energy crisis and climate change, innovative ways have been proposed to leverage pervasive and mobile computing systems equipped with sensors and smart devices for occupant thermal comfort satisfaction and efficient HVAC management. However, evaluating these thermal comfort provision solutions presents considerable difficulties. Conducting experiments in the real world poses challenges such as privacy concerns and the high costs of installing and maintaining sensor infrastructure. On the other hand, experiments with simulations need to accurately model real-world conditions and ensure the reliability of the simulated data. To address these challenges, we present Co-zyBench, an innovative benchmarking tool that leverages Digital Twin (DT) technology to assess personalized thermal comfort provision systems. Our benchmark employs a simulation-based DT for the building and its HVAC system, another DT for simulating the dynamic behavior of its occupants, and a co-simulation middleware to achieve a seamless connection of the DTs. Our benchmark includes mechanisms to generate DTs based on data such as architectural models of buildings, sensor readings, and occupant thermal sensation data. It also includes reference DTs based on standard buildings, HVAC configurations, and various occupant thermal profiles. As a result of the evaluation, the benchmark generates a report based on expected energy consumption, carbon emission, thermal comfort, and occupant equity metrics. We present the evaluation results of state-of-the-art thermal comfort provisioning systems within a DT based on a real building and several reference DTs. © 2025 Elsevier B.V., All rights reserved.",PASS,PASS,PASS,PASS,286,INCLUDE_AUTO,INCLURE,Tous criteres PASS
54,A data-model fusion dispatch strategy for the building energy flexibility based on the digital twin,2023,Scopus | Web of Science,10.1016/j.apenergy.2022.120496,"With the growing percentage of the intermittent renewable power generation, the energy system is under increasing pressure in balancing the supply and the demand. As a major part of urban energy consumptions, buildings can provide considerable regulation flexibility for the energy system by actively managing their energy demands. For the building energy flexibility (BEF) provided by thermostatically controlled loads (TCL), its dispatch performance is vulnerable to the building thermal parameter errors, and in some cases, occupants need to provide the critical information related to the indoor temperature state and the occupancy state to the energy management system outside buildings, which decreases the availability of the BEF and raises privacy concerns. For these issues in the BEF utilization, this paper proposes a data-model fusion dispatch strategy based on the digital twin (DT). The proposed strategy is capable of parameter fault tolerance and privacy protection by combining the model-free advantage of the data-driven method with the analytical optimization advantage of the model-driven method. Firstly, a DT-based BEF dispatch framework is proposed. Secondly, the building DT is established by combining the building thermal dynamics (BTD) data-driven model and the TCL operation mechanism model. And the building response deduction is carried out based on the DT. Finally, under the rolling optimization framework, the data-model fusion dispatch strategy is devised by uniting the DT deduction and the optimization constructed by the BTD mechanism model, in which the multi-dimensional modeling of the BTD is carried out from the state dimension and the energy dimension. The simulation results show that the optimization result can reach 98.4% of the ideal result under the scenario with 15% parameter random error, and 98.3% of the ideal result under the scenario with 15% random state noise injection. © 2023 Elsevier B.V., All rights reserved.",PASS,WEAK,PASS,PASS,303,BORDERLINE,INCLURE,"DT batiment energy flexibility, dispatch strategy"
55,Neighborhood Digital Twin Energy Models for Demand Load Prediction and Electrification: An Automated Workflow,2024,IEEE Xplore,10.1109/piicon63519.2024.10995082,"This work focuses on automating the conversion of three-dimensional neighborhood digital twin point cloud data to a neighborhood energy model (NEM) for demand load prediction, encompassing loads beyond purely electrical, such as heating oil for space heating. The motivation addresses the common challenge of manually collecting and importing data for energy modeling, particularly at larger scales like neighborhoods. The work aims to establish a workflow to convert digital twin point cloud models to NEMs, facilitating electrification scenarios. Point clouds created with open-source sources, discrete methods and machine learning (ML) methods are used to obtain digital twin neighborhood geometric models. Point cloud data processing includes building footprint extraction through image processing, building height determination using convolutional neural network (CNN) and semantic segmentation networks (SSN), and roof shape identification via regional-based neural network (R-CNN). The process involves creating a workflow in the Rhinoceros environment using Grasshopper, focusing on developing a rapid NEM from a point cloud. The proposed workflow is validated by comparing results with two different energy audits in the case study location, demonstrating its accuracy and reliability. The developed workflow is versatile, and adaptable to various projects by changing input data. It converts digital twin geometric models to energy models. The work reduces the effort and time for urban and energy planners to efficiently conduct energy modeling at a neighborhood scale, enabling the evaluation of net-zero potential and sustainable urban planning. It can also help generate scenarios for the electrification of neighborhoods traditionally served by other energy means. This approach saves time and enhances accuracy in predicting demand loads and exploring electrification pathways, ultimately contributing to more effective and sustainable energy management.",PASS,PASS,PASS,FAIL,277,EXCLUDE_AUTO,EXCLURE,FAIL on C4_scope
57,A digital twin framework for improving energy efficiency and occupant comfort in public and commercial buildings,2021,Scopus | SpringerNature,10.1186/s42162-021-00153-9,"Model Predictive Control (MPC) can be used in the context of building automation to improve energy efficiency and occupant comfort. Ideally, the MPC algorithm should consider current- and planned usage of the controlled environment along with initial state and weather forecast to plan for optimal comfort and energy efficiency. This implies the need for an MPC application which 1) considers multiple objectives, 2) can draw on multiple data sources, and 3) provides an approach to effectively integrate against heterogeneous building automation systems to make the approach reusable across different installations. To this end, this paper presents a design and implementation of a framework for digital twins for buildings in which the controlled environments are represented as digital entities. In this framework, digital twins constitute parametrized models which are integrated into a generic control algorithm that uses data on weather forecasts, current- and planned occupancy as well as the current state of the controlled environment to perform MPC. This data is accessed through a generic data layer to enable uniform data access. This enables the framework to switch seamlessly between simulation and real-life applications and reduces the barrier towards reusing the application in a different control environment. We demonstrate an application of the digital twin framework on a case study at the University of Southern Denmark where a digital twin has been used to control heating and ventilation. From the case study, we observe that we can switch from rule-based control to model predictive control with no immediate adverse effects towards comfort or energy consumption. We also identify the potential for an increase in energy efficiency, as well as introduce the possibility of planning energy consumption against local electricity production or market conditions, while maintaining occupant comfort. © 2022 Elsevier B.V., All rights reserved.",PASS,PASS,PASS,PASS,295,INCLUDE_AUTO,INCLURE,Tous criteres PASS
60,Physical-Based Reduced-Order Model for Buildings Energy Efficiency,2025,Web of Science,10.1007/978-3-031-71867-0_38,"This research aims to investigate the feasibility and possible benefits of applying Reduced-Order Models (ROMs) to the Architecture, Engineering and Construction sector. The reduced-order model is a methodology for designing complex systems that exploit the synergy of interacting phenomena. Although it can significantly speed up design and run dynamic simulations, this technique is still not widely applied in the AEC field. Other industries often use them to optimize systems performance, create digital twins, and streamline multidisciplinary optimization methodology. The first section of this paper describes the proposed methodology, followed by the study of the advantages and limitations compared to traditional design systems, including an analysis of current research and applications. Instead of a prescriptive design based on the worst-case scenarios, this kind of simulation enables performance-based design with partial loads and dynamic behavior. This innovative approach makes it possible to support the designer during the conceptual phase and deal with the design problem more consciously to realize more sustainable and comfortable solutions. ROMs require low computational capacity and thus can handle real-time sensor data during operation and maintenance. A drawback is the difficulty of understand and model the physics underlying a specific system. The last section presents an operational workflow and the early stage of a test application that explores how physical-based ROM can support the designer in defining energy interventions on an existing building's classroom. Thermal and energy behavior, heating, ventilation, and air conditioning systems and their interaction have been modeled. The final step consists in incorporating subsystems representing potential active and passive energy improvement interventions to understand how the system improves and minimizes energy consumption improving indoor environmental quality.",PASS,WEAK,PASS,PASS,278,BORDERLINE,EXCLURE,"ROM conceptuel sans validation propre, methodologique"
63,Office building occupancy monitoring through image recognition sensors,2019,Scopus,10.2495/safe-v9-n4-371-380,"In the Architecture, Engineering, construction and Operations (AEcO) there is a growing interest in the use of the building Information modelling (bIm). Through integration of information and processes in a digital model, bIm can optimise resources along the lifecycle of a physical asset. Despite the potential savings are much higher in the operational phase, bIm is nowadays mostly used in design and construction stages and there are still many barriers hindering its implementation in Facility management (Fm). Its scarce integration with live data, i.e. data that changes at high frequency, can be considered one of its major limitations in Fm. The aim of this research is to overcome this limit and prove that buildings or infrastructures operations can benefit from a digital model updated with live data. The scope of the research concerns the optimisation of Fm operations. The optimisation of operations can be further enhanced by the use of maintenance smart contracts allowing a better integration between users’ behaviour and maintenance implementation. In this case study research, the Image recognition (Imr), a type of Artificial Intelligence (AI), has been used to detect users’ movements in an office building, providing real time occupancy data. This data has been stored in a bIm model, employed as single reliable source of information for Fm. This integration can enhance maintenance management contracts if the bIm model is coupled with a smart contract. Far from being a comprehensive case study, this research demonstrates how the transition from bIm to the Asset Information model (AIm) and, finally, to the Digital Twin (i.e. a near-real-time digital clone of a physical asset, of its conditions and processes) is desirable because of the outstanding benefits that have already been measured in other industrial sectors by applying the principles of Industry 4.0. © 2020 Elsevier B.V., All rights reserved.",PASS,PASS,PASS,PASS,305,INCLUDE_AUTO,INCLURE,Tous criteres PASS
66,A Digital Twin Architecture for Smart Buildings,2022,IEEE Xplore | Scopus,10.1109/isc255366.2022.9922482,"Smart buildings aim to increase energy performance while maintaining or improving the indoor living conditions. A digital twin of a smart building should be able to provide a virtual representation of the actual building behavior in real-time through accurate simulations considering both the air quality and energy related performance. Such digital twin setups are useful for investigating the building behavior in a non-invasive manner and for validating the effectiveness of novel management and control algorithms under realistic conditions before their actual deployment in real buildings. This paper presents the key functional requirements that a digital twin platform for building should satisfy. Then, an architecture is proposed for the development of a digital twin for buildings while design guidelines are also provided. The architecture includes a software platform for the integration of smart algorithms and user interfaces to enable the intelligent operation of buildings. The digital twin captures the indoor environmental conditions by modeling the operation of the Heating, Ventilation and Air-Conditioning (HVAC) system, the occupants' behavior, the building's thermal insulation, and the outdoor weather conditions. At the same time, the building electricity consumption is characterized by modelling the load consumption according to users' habits, the HVAC operation, the renewable energy generation, and the weather conditions. An example for the development, validation, and calibration of a digital twin of an actual building is demonstrated in this paper. Furthermore, some use cases are demonstrated through the software platform to investigate how an operational fault or an actual battery system, connected in a hardware in the loop configuration, can affect the indoor environmental conditions and the energy performance of the building. © 2022 Elsevier B.V., All rights reserved.",PASS,PASS,PASS,PASS,279,INCLUDE_AUTO,INCLURE,Tous criteres PASS
67,BIM and IoT Sensors Integration: A Framework for Consumption and Indoor Conditions Data Monitoring of Existing Buildings,2021,Web of Science,10.3390/su13084496,"The low accessibility to the information regarding buildings current performances causes deep difficulties in planning appropriate interventions. Internet of Things (IoT) sensors make available a high quantity of data on energy consumptions and indoor conditions of an existing building that can drive the choice of energy retrofit interventions. Moreover, the current developments in the topic of the digital twin are leading the diffusion of Building Information Modeling (BIM) methods and tools that can provide valid support to manage all data and information for the retrofit process. This paper shows the aim and the findings of research focused on testing the integrated use of BIM methodology and IoT systems. A common data platform for the visualization of building indoor conditions (e.g., temperature, luminance etc.) and of energy consumption parameters was carried out. This platform, tested on a case study located in Italy, is developed with the integration of low-cost IoT sensors and the Revit model. To obtain a dynamic and automated exchange of data between the sensors and the BIM model, the Revit software was integrated with the Dynamo visual programming platform and with a specific Application Programming Interface (API). It is an easy and straightforward tool that can provide building managers with real-time data and information about the energy consumption and the indoor conditions of buildings, but also allows for viewing of the historical sensor data table and creating graphical historical sensor data. Furthermore, the BIM model allows the management of other useful information about the building, such as dimensional data, functions, characteristics of the components of the building, maintenance status etc., which are essential for a much more conscious, effective and accurate management of the building and for defining the most suitable retrofit scenarios.",PASS,PASS,PASS,PASS,288,INCLUDE_AUTO,INCLURE,Tous criteres PASS
68,Exploring the Benefits and Limitations of Digital Twin Technology in Building Energy,2023,Scopus | Web of Science,10.3390/app13158814,"Buildings consume a significant amount of energy throughout their lifecycle; Thus, sustainable energy management is crucial for all buildings, and controlling energy consumption has become increasingly important for achieving sustainable construction. Digital twin (DT) technology, which lies at the core of Industry 4.0, has gained widespread adoption in various fields, including building energy analysis. With the ability to monitor, optimize, and predict building energy consumption in real time. DT technology has enabled sustainable building energy management and cost reduction. This paper provides a comprehensive review of the development and application of DT technology in building energy. Specifically, it discusses the background of building information modeling (BIM) and DT technology and their application in energy optimization in buildings. Additionally, this article reviews the application of DT technology in building energy management, indoor environmental monitoring, and building energy efficiency evaluation. It also examines the benefits and challenges of implementing DT technology in building energy analysis and highlights recent case studies. Furthermore, this review emphasizes emerging trends and opportunities for future research, including integrating machine learning techniques with DT technology. The use of DT technology in the energy sector is gaining momentum as efforts to optimize energy efficiency and reduce carbon emissions continue. The advancement of building energy analysis and machine learning technologies is expected to enhance prediction accuracy, optimize energy efficiency, and improve management processes. These advancements have become the focal point of current literature and have the potential to facilitate the transition to clean energy, ultimately achieving sustainable development goals. © 2023 Elsevier B.V., All rights reserved.",PASS,PASS,PASS,PASS,257,INCLUDE_AUTO,INCLURE,Tous criteres PASS
69,Ontology-based Digital Twins for informed decision-making: Scenario testing and optimization in hospital building operations,2025,Scopus | Web of Science,10.1016/j.jobe.2025.113594,"With the increasing urgency to achieve ambitious energy reduction targets in both existing and newly constructed buildings, Digital Twins have emerged as a transformative solution for optimizing building operations. By enabling data-driven decision-making, these virtual replicas help minimize energy waste while enhancing occupant comfort and overall building performance. This study explores the potential of ontology-based Digital Twins by demonstrating their scenario implementation and testing capabilities. A case study is conducted on a hospital building, which includes 12 conditioned thermal zones and an integrated HVAC system. The scenario development is performed by employing three strategy complexity levels: Flexible strategies, Rule-based strategies, and Preheating strategies. The scenarios are evaluated using occupant-centered KPIs for indoor comfort while determining energy consumption and cost of operation. The main aim is to limit thermal discomfort while maintaining a energy consumption. Different alternatives for lowering thermal discomfort are evaluated, providing building operators with the possibility of informed decision-making. By increasing CO<inf>2</inf> setpoints in each thermal zone while increasing the heating setpoints in all spaces, the thermal discomfort was lowered by 82% and related monetary energy costs by 22.7%. By increasing the supplied air temperature, the thermal discomfort decreased by 98%; however, this strategy resulted in a 129.7% increase in monetary energy costs. Preheating strategies proved relevant, lowering thermal discomfort by 15%, and ensuring air quality while marginally decreasing consumption and cost. The proposed work demonstrates how ontology-based digital twins can be used for informed decision-making by implementing and testing various operation scenarios as a service. © 2025 Elsevier B.V., All rights reserved.",PASS,PASS,PASS,PASS,268,INCLUDE_AUTO,INCLURE,Tous criteres PASS
72,Multi-indicator adaptive HVAC control system for low-energy indoor air quality management of heritage building preservation,2023,Scopus | Web of Science,10.1016/j.buildenv.2023.110910,"Regenerated commercial heritage buildings employ heating, ventilation, and air conditioning (HVAC) systems that significantly increase their energy consumption, necessitating a methodology that supports low-energy operation to achieve a sustainable built environment. Poor indoor air quality (IAQ) management can cause irreversible damage to heritage buildings. However, there are risks of the destruction of inherent heritage values if energy-efficiency approaches are implemented without considering the visual impacts and multiple IAQ parameters in heritage buildings. To preserve heritage buildings, this study developed a multi-indicator adaptive ventilation control system for IAQ management using digital twin technology, which consisted of triggers and feedback. A digital representation of heritage buildings was established using Heritage Building Information Modelling (HBIM) with sensors to trigger adjustments in ventilation system settings. The sensor placement rules for IAQ monitoring and HVAC control of heritage buildings were demonstrated using computational fluid dynamics (CFD) simulations. The relationships among the HVAC inlet velocity, multiple IAQ parameters, and energy consumption were quantified using CFD and energy simulations. Simulation data were used to generate responsive charts for adaptive ventilation control, and the sensor data provided feedback to the ventilation system. The optimal ventilation system control strategy achieved up to 30% energy savings in the illustrative example. The proposed multi-indicator adaptive HVAC control system contributes significantly to the timely reduction of multiple air pollutants, IAQ parameter adjustments for the preservation of heritage buildings with minimal structural and visual impacts, and the need for more autonomous and energy-efficient HVAC systems. © 2023 Elsevier B.V., All rights reserved.",PASS,PASS,PASS,PASS,254,INCLUDE_AUTO,INCLURE,Tous criteres PASS
74,Thermal performance improvement for residential heritage building preservation based on digital twins,2024,Scopus | Web of Science,10.1016/j.jobe.2023.108283,"Excessive temperatures can result in the collapse of structural components, cracking, scaling, and condensation in heritage building structures. Numerous unregenerated residential heritage buildings use portable heaters to adjust the indoor temperature for the comfort of occupants. However, research on the impact of heaters on the preservation of heritage buildings is limited. This paper proposes a novel and systematic approach based on digital twin technology to improve thermal performance effectively in unregenerated heritage buildings by arranging the locations and settings of heaters for improving building preservation. This research extended the functionality of heritage building information modeling (HBIM) to support simulations and decision-making to improve the thermal performance for heritage building preservation. An approach was proposed to address the lack of information by integrating documents, information, and graphics into an HBIM model for heritage building preservation. The digital model process based on HBIM presented in this study can be an effective 3D model for computational fluid dynamics (CFD) simulations. To investigate the impact of the heater on heritage building deformation, a novel method was developed to couple CFD and structural simulation to analyze the thermal performance and building deformation of heritage buildings. The heritage building deformation resulting from the heaters’ power setting and location was identified and quantified. In addition, using the proposed digital twin platform, heaters were controlled automatically. The thermal performance, building cracking and deformation were monitored and recorded automatically along the lifecycle. The improved heater location reduced the maximum total deformation of the heritage building body by at least 62.9 %. © 2023 Elsevier B.V., All rights reserved.",PASS,WEAK,PASS,PASS,260,BORDERLINE,INCLURE,"DT heritage building, CFD simulation, single building"
76,Building Energy Assessment of Thermal and Electrical Properties for Compact Cities: Case Study of a Multi-Purpose Building in South Korea,2025,Scopus | Web of Science,10.3390/buildings15173023,"This study conducts a simulation-based assessment of a recently commissioned office building in the Republic of Korea, representing a typical public office facility. The building was modeled using EnergyPlus 23.1.0 after construction, although no validation was performed due to the absence of metered consumption data. Previous approaches relying on simplified methods such as the Radiant Time Series (RTS), which neglect dynamic building behavior, have often led to overestimated cooling and heating loads. This has emerged as a major obstacle in designing energy-efficient buildings within the context of compact and smart cities pursuing carbon neutrality. Consequently, the trend in building performance analysis is shifting toward dynamic simulations and digital twin-based design methodologies. Furthermore, electrification of buildings without adequate thermal load assessment may also contribute to overdesign, irrespective of urban environmental characteristics. From an urban planning standpoint, there is a growing need for performance criteria that reflect occupant behavior and actual usage patterns. However, dynamics-based building studies remain scarce in the Republic of Korea. In this context, the present study demonstrates that passive design strategies, implemented through systematic changes in envelope materials, HVAC operational standards, and compliance with ASHRAE 90.1 criteria, can significantly enhance thermal comfort and indoor air quality. The simulation results show that energy consumption can be reduced by over 36.21% without compromising occupant health or comfort. These findings underscore the importance of thermal load understanding prior to electrification and highlight the potential of LEED-aligned passive strategies for achieving high-performance, low-energy buildings. © 2025 Elsevier B.V., All rights reserved.",PASS,PASS,PASS,WEAK,260,BORDERLINE,EXCLURE,Auteurs declarent 'no validation was performed' — disqualifiant
77,Digital-Twin based data modelling for Digital Building Logbook implementation,2023,IEEE Xplore | Scopus,10.1049/icp.2023.1744,"Construction heavily impact on the environment, thus building management plays a central role in achieving higher sustainability objectives. In the use phase, the sustainability performance needs to be balanced with safety, health and comfort requirements, ensuring that the indoor activities can be carried out in a high-performing environment. Indoor air quality is one of the main proxies for health and safety in indoor spaces and maintaining appropriate quality levels is directly impacted by built asset condition, systems operation and other contextual factors as occupancy and weather. The Digital Building Logbook is a platform enabling the interconnection of the variety of datasets used for building management. This paper introduces a framework for implementing the Digital Building Logbook utilising semantic web technologies, in the perspective of supporting better data access and knowledge extraction for Digital Twin applications in the Facilities Management domain. The proposed framework is based on the combination of Industry Foundation Classes, the BrickSchema and a custom Digital Building Logbook ontology, needed to extend the previous two. The Digital Building Logbook ontology is based on OWL and allows to structure the information on assets, maintenance interventions associated to the different spaces and systems, while IFC and BrickSchema provide a support in representing a selection of spatial and semantic building features. The developed framework aims at enhancing the data access and knowledge extraction on the building and facilitates the digital Facilities Management applications development. A validation is carried out on the Alan Reece building at the University of Cambridge and demonstrates its effectiveness in developing users' health-based maintenance prioritisation. © 2023 Elsevier B.V., All rights reserved.",PASS,PASS,PASS,PASS,267,INCLUDE_AUTO,INCLURE,Tous criteres PASS
78,Optimizing legacy building operation: The evolution into data-driven predictive cyber-physical systems,2017,Web of Science,10.1016/j.enbuild.2017.05.002,"Fossil fuels serve a substantial fraction of global energy demand, and one major energy consumer is the global building stock. In this work, we propose a framework to guide practitioners intending to develop advanced predictive building control strategies. The framework provides the means to enhance legacy and modernized buildings regarding energy efficiency by integrating their available instrumentation into a data-driven predictive cyber-physical system. For this, the framework fuses two highly relevant approaches and embeds these into the building context: the generic model-based design methodology for cyber-physical systems and the cross-industry standard process for data mining. A Spanish school's heating system serves to validate the approach. Two different data-driven approaches to prediction and optimization are used to demonstrate the methodological flexibility: (i) a combination of Bayesian regularized neural networks with genetic algorithm based optimization, and (ii) a reinforcement learning based control logic using fitted Q-iteration are both successfully applied. Experiments lasting a total of 43 school days in winter 2015/2016 achieved positive effects on weather-normalized energy consumption and thermal comfort in day-to-day operation. A first experiment targeting comfort levels comparable to the reference period lowered consumption by one-third. Two additional experiments raised average indoor temperatures by 2 K. The better of these two experiments only consumed 5% more energy than the reference period. The prolonged experimentation period demonstrates the cyber-physical system based approach's suitability for improving building stock energy efficiency by developing and deploying predictive control strategies within routine operation of typical legacy buildings. (C) 2017 Elsevier B.V. All rights reserved.",WEAK,PASS,PASS,PASS,266,BORDERLINE,INCLURE,"CPS Spanish school, 43 days winter validation, real data"
88,A data-driven building thermal zoning algorithm for digital twin-enabled advanced control,2025,Scopus | Web of Science,10.1016/j.enbuild.2025.115633,"Effective control of indoor environments is crucial for maintaining occupant comfort and optimizing energy use. However, current building control strategies often fail to achieve these goals, as they rely on static or rule-based approaches that normally do not account for dynamic conditions. While advanced control strategies offer a more adaptive solution, their implementation is challenging due to the need for accurate thermal models, which are resource-intensive to develop. Defining building thermal zones can help to strike a balance between model accuracy and the cost of their development and implementation. However, data-driven approaches for identifying thermal zones remain scarce. This study addresses these gaps by proposing a reusable data-driven thermal zoning algorithm that employs Principal Component Analysis (PCA) and k-means clustering to define building thermal zones. This method allows for the inclusion of numerous parameters, thus increasing the applicability and consistency of the zoning process. Additionally, we propose an algorithm for zones validation, supported by qualitative criteria from literature and standards. The approach is tested in a large educational building, using time-series data from 168 rooms with a total of 262 CO2 and temperature sensors. Results show that the proposed zoning algorithm achieves over 91 % consistency score, depending on the number of selected principal components, clusters, and input parameters available. The derived thermal zones are further validated based on the synthesised qualitative criteria. Finally, the results are visualized in a DT environment, where users can explore color-coded thermal zones alongside real-time sensor data, 3D building geometry, and semantic information. © 2025 Elsevier B.V., All rights reserved.",PASS,PASS,PASS,PASS,263,INCLUDE_AUTO,INCLURE,Tous criteres PASS
89,Predictive Analysis of a Building’s Power Consumption Based on Digital Twin Platforms,2024,Scopus | Web of Science,10.3390/en17153692,"Colleges and universities are large consumers of energy, with a huge potential for building energy efficiency, and need to reduce energy consumption to build a low-carbon, energy-saving campus. Predicting the energy consumption of campus buildings can help to accurately manage the electricity consumption of buildings and reduce the energy consumption of buildings. However, the electricity consumption of a building’s operation is affected by many factors, and it is difficult to establish a model for analysis and prediction. Therefore, in this study, the training building of the BIM education center on campus was selected as the research object, and a digital twin O&M platform was established by integrating IoT, digital twin technology (DDT), smart meter monitoring devices, and indoor environment monitoring devices. The O&M management platform can monitor real-time changes in indoor power consumption data and environmental parameters, and organize data on multiple influencing factors and power consumption. Following training, validation, and testing, the machine learning models (back propagation neural network, support vector model, and multiple linear regression model) were assessed and compared for accuracy. Following the multiple linear regression and support vector models, the backpropagation neural network model exhibited the highest accuracy. Consistent with the actual power consumption detection results in the BIM education center, the backpropagation neural network model produced results. Consequently, the BP model created in this study demonstrated its dependability and ability to forecast campus building power usage, assisting the university in organizing its energy supply and creating a campus that prioritizes conservation. © 2024 Elsevier B.V., All rights reserved.",PASS,PASS,PASS,PASS,259,INCLUDE_AUTO,INCLURE,Tous criteres PASS
90,A Novel Cyber-Physical System for the Optimal Heating-Cooling of Buildings,2024,IEEE Xplore | Scopus,10.1109/tase.2023.3335090,"This paper presents a novel Cyber-Physical System (CPS) equipped with an advanced Distributed Model Predictive Control (DMPC) method with reduced order computational complexity, zero steady-state error, reduced start-up energy consumption and improved transient response for the optimal heating-cooling of buildings. The satisfactory application of this method for the optimal heating-cooling of a large-scale (6-story) building with 40 rooms is illustrated. Smart Industrial Internet of Things (IIoT) - based thermostats, a gateway and a general Quadratic Programming (QP) solver are developed. Using this hardware set-up, the simulation results for the 6-story building are verified in a small scale by practical implementation. Note to Practitioners - This paper proposes a novel cyber-physical system for the optimal heating-cooling of large-scale buildings. The proposed system is practical, in particular, for large-scale buildings because for its realization, we do not need mighty and therefore expensive computer servers to execute required optimization problems in real-time. It also has high reliability and resilience due to its distributed computation nature and can be realized using available and cost-effective On-Off electric valves. To implement this system, a general QP solver, smart IIoT-based thermostats and a gateway are designed, developed and implemented in a building for the optimal heating and cooling. The satisfactory performance and superiority of the proposed system in terms of zero steady-state error, transient response, applicability for both heating and cooling systems and limited start-up energy consumption over the traditional as well as more advanced systems are illustrated by simulation and practical implementation. © 2024 Elsevier B.V., All rights reserved.",WEAK,WEAK,PASS,PASS,270,BORDERLINE,INCLURE,"CPS DMPC 6-story building 40 rooms, sim+practical"
94,Digital twins for secure thermal energy storage in building,2023,Scopus | Web of Science,10.1016/j.apenergy.2023.120907,"The purpose of this work is to explore the role of the safe and optimal scheduling of thermal energy storage systems in intelligent buildings in promoting sustainable economic development under Digital Twins (DTs) technology. Phase Change Material (PCM) has high energy density, constant temperature storage, small footprint, and long service life. Here, PCM is first placed in the indoor building structure, and the DTs technology is introduced. In the development of intelligent buildings, the data generated by the energy storage system of intelligent buildings in the real space can be mapped to the virtual space in real time for simultaneous analysis. In addition, the PCM wall structure and thermal network DTs model are designed for the intelligent building. In addition, the PCW structure is used to build a thermal energy storage and dispatch model of the smart thermoelectric building based on DTs. Finally, the model is evaluated and analyzed experimentally. The analysis of system optimization power under different schemes indicates that the scheduling operation strategy of thermal energy storage of building walls can avoid overcharging or over-discharging batteries in the microgrid and reduce battery power consumption. Besides, the building wall energy storage capacity is always in the range of 0.2 ∼ 0.8 on the all-weather scale. Moreover, the model constructed here achieves significantly lower economic costs, environmental costs, and energy costs and a better energy-saving effect than the existing model. The model built here can serve as experimental reference for further digital energy storage in intelligent buildings and comprehensive energy utilization because of its superior safety performance and lower consumption. © 2023 Elsevier B.V., All rights reserved.",PASS,PASS,PASS,PASS,271,INCLUDE_AUTO,INCLURE,Tous criteres PASS
99,Intelligent Monitoring Platform and Application for Building Energy Using Information Based on Digital Twin,2023,Scopus | Web of Science,10.3390/en16196839,"With the development and popularization of the Internet of Things, big data, cloud computing, and other technologies, Digital twin technology (DTT) is increasingly applied to building operation and maintenance (O&M). However, most of the research focuses on building energy consumption, safety, and other management, and relatively little research on the monitoring of building terminal energy using information. The information is closely related to occupants’ behavior, such as air conditioning, lighting, shading, window status information, as well as personnel number and location, and it has a great impact on building energy consumption. Due to different occupants’ behaviors, the level of building energy consumption varies several times or even more. Take an office building as an example. Based on digital twin technology, the framework of building energy using intelligent monitoring is constructed. It mainly includes four parts, namely building physical space, virtual twin space, predictive control simulation engine, and twin big data. For each part, functions are realized through building Information Modelling (BIM), smart sensors, and Internet of Things (IoT) technologies. Based on the standard framework and every function realization method, the DTT can used for building O&M effectually. The application of building an intelligent control system based on the occupants’ characteristics is simulated and analyzed in Designbuilder software 6.1.2. The results show that the digital technology application in building intelligent control systems can realize maximum energy saving for 30%. However, the DTT in building O&M is not widely used now. There is a lot of research to be completed in the future. © 2023 Elsevier B.V., All rights reserved.",PASS,WEAK,PASS,PASS,263,BORDERLINE,INCLURE,"DT explicit office building case, BIM+IoT+ML"
100,A Digital Twin predictive maintenance framework of air handling units based on automatic fault detection and diagnostics,2022,Scopus | Web of Science,10.1016/j.enbuild.2022.111988,"The building industry consumes the most energy globally, making it a priority in energy efficiency initiatives. Heating, ventilation, and air conditioning (HVAC) systems create the heart of buildings. Stable air handling unit (AHU) functioning is vital to ensuring high efficiency and extending the life of HVAC systems. This research proposes a Digital Twin predictive maintenance framework of AHU to overcome the limitations of facility maintenance management (FMM) systems now in use in buildings. Digital Twin technology, which is still at an initial stage in the facility management industry, use Building Information Modeling (BIM), Internet of things (IoT) and semantic technologies to create a better maintenance strategy for building facilities. Three modules are implemented to perform a predictive maintenance framework: operating fault detection in AHU based on the APAR (Air Handling Unit Performance Assessment Rules) method, condition prediction using machine learning techniques, and maintenance planning. Furthermore, the proposed framework was tested in a real-world case study with data between August 2019 and October 2021 for an educational building in Norway to validate that the method was feasible. Inspection information and previous maintenance records are also obtained through the FM system. The results demonstrate that the continually updated data combined with APAR and machine learning algorithms can detect faults and predict the future state of Air Handling Unit (AHU) components, which may assist in maintenance scheduling. Removing the detected operating faults resulted in annual energy savings of several thousand dollars due to eliminating the identified operating faults. (C) 2022 The Author(s). Published by Elsevier B.V.",PASS,PASS,PASS,PASS,256,INCLUDE_AUTO,INCLURE,Tous criteres PASS
101,Construction and Control of Validated Highly Configurable Multi-Physics Building Models for the Sustainability Analysis of Multi-Energy Systems in a Co-Simulation Setup,2025,IEEE Xplore,10.1109/southeastcon56624.2025.10971478,"Improving energy efficiency by monitoring system behavior and predicting future energy scenarios in light of increased penetration of renewable energy sources are becoming increasingly important, especially for energy systems that distribute and provide heat. On this background, digital twins of cities become paramount in advancing urban energy system planning and infrastructure management. The use of recorded energy data from sensors in district digital twins in collaborative co-simulation platforms is a promising way to analyze detailed system behavior and estimate future scenarios. However, the development and coupling of multi-physics energy system models need to be validated before they can be used for further in-depth analyses. In the present paper, a new multi-physics/-modal and highly configurable building model is presented. Its accuracy and reliability are validated by comparison with data from the TABULA project, ensuring its relevance and applicability to real-world scenarios. The modularity and flexibility with regard to the system configurability of the developed building model is evaluated on various real building types. In addition, the applicability of the building model in a multi-energy system is highlighted by implementing the model in a collaborative co-simulation setup and by coupling it to a district heating grid model in yearly co-simulations. The simulation results for the proposed multi-physical/-modal building modeling concept show a very high level of agreement compared to published reference building data and can therefore be used individually as flexible and modular building models including both thermal and electrical systems for future sector-coupled energy system analyses in view of sustainability.",PASS,PASS,PASS,WEAK,261,BORDERLINE,EXCLURE,"'Digital twins of cities' dominant, district co-simulation"
102,Deep learning for assessment of environmental satisfaction using BIM big data in energy efficient building digital twins,2022,Scopus,10.1016/j.seta.2021.101897,"Energy efficient Building Digital Twins (BDTs) are researched using Building Information Model (BIM) to explore the key techniques of Digital Twins (DTs). DTs in buildings can be regarded as an expression of “BIM+,” born to digital descriptions. Comprehensive perception of physical systems is the preconditions for DTs implementation. BIM's energy-saving design includes the selection of building orientation and building shape. BIM energy consumption analysis can compare different materials, examine the performance of various materials, and select the most suitable and most energy-efficient materials for building structure maintenance. Data Fusion Algorithm (DFA) in Wireless Sensor Networks (WSNs) is improved. A novel DFA is constructed by combining Backpropagation Neural Network (BPNN) with Dynamic Host Configuration Protocol (DCHP), recorded as BP-DCHP. Simulation experiment proves that BP-DCHP can prolong sensor nodes’ survival time and provide the highest data fusion quality. BP-DCHP runs for about 310 s, 500 s, and 705 s in WSNs consisting of 20, 50, and 100 WSNs, respectively. Moreover, BP-DCHP can provide higher quality given insufficient data fusion degree. Once the WSNs consume 50% of the total initial energy, BP-DCHP presents a shorter network delay, only 0.6 s on average in the 100-sensor-node-WSN. To validate BDTs’ effectiveness, the environmental satisfaction of residents from two Beijing intelligent communities is assessed using Deep Learning (DL) approach. Taking the data as the clue, the study establishes DTs serving the application of urban scene, which plays a certain role in promoting the technological innovation of BDTs, better optimizing the city and managing the city. © 2022 Elsevier B.V., All rights reserved.",PASS,PASS,PASS,WEAK,268,BORDERLINE,EXCLURE,Beijing intelligent communities urban scope explicite
104,An LLM-Based Digital Twin for Optimizing Human-in-the Loop Systems,2024,IEEE Xplore | Scopus | Web of Science,10.1109/fmsys62467.2024.00009,"The increasing prevalence of Cyber- Physical Systems and the Internet of Things (CPS-loT) applications and Foundation Models are enabling new applications that leverage real-time control of the environment. For example, real-time control of Heating, Ventilation and Air-Conditioning (HVAC) systems can reduce its usage when not needed for the comfort of human occupants, hence reducing energy consumption. Collecting real-time feedback on human preferences in such human-in-the-Ioop (HITL) systems, however, is difficult in practice. We propose the use of large language models (LLMs) to deal with the challenges of dynamic environments and difficult-to-obtain data in CPS optimization. In this paper, we present a case study that employs LLM agents to mimic the behaviors and thermal preferences of various population groups (e.g. young families, the elderly) in a shopping mall. The aggregated thermal preferences are integrated into an agent-in-the-Ioop based reinforcement learning algorithm AitL-RL, which employs the LLM as a dynamic simulation of the physical environment to learn how to balance between energy savings and occupant comfort. Our results show that LLMs are capable of simulating complex population movements within large open spaces. Besides, AitL- RLdemonstrates superior performance compared to the popular existing policy of set point control, suggesting that adaptive and personalized decision-making is critical for efficient optimization in CPS-loT applications. Through this case study, we demonstrate the potential of integrating advanced Foundation Models like LLMs into CPS-loT to enhance system adaptability and efficiency. The project's code can be found on our GitHub repository. © 2024 Elsevier B.V., All rights reserved.",PASS,PASS,PASS,PASS,268,INCLUDE_AUTO,INCLURE,Tous criteres PASS
105,In situ model fusion for building digital twinning,2023,Scopus,10.1016/j.buildenv.2023.110652,"Building digital twins are crucial in holistic, synthetic, and supervisory digital environments for intelligent and energy-efficient building operations. As buildings are designed, constructed, and operated for long-term periods with uncertainties, it is essential to model, verify, extend, and calibrate the digital twin models in situ over the building life cycle, unlike digital twin modeling in the manufacturing industries. Therefore, this study proposes in situ model fusion techniques for building digital twinning, which include (1) model coupling and (2) model assembly. The first model coupling technique enables nonintrusive in situ verification and calibration for prediction models without the model observations (Y). The second model assembly enables in situ modeling or a more accurate model construction by connecting the verified models through the model coupling technique to the input layer of the target model. In the case studies conducted in a central heating system, the prediction model for the secondary-side return water temperature was modeled and calibrated without relying on the model observation data (Y), thanks to the model coupling technique. The nonintrusive model showed an accuracy with a root mean square error (RMSE) of 0.53 °C, which was comparable to the intrusive gray-box models (around 0.5 °C RMSE) calibrated using intrusive datasets (Y). Additionally, the prediction model could improve the benchmark model's performance from 0.44 °C to 0.26 °C (RMSE) using the model assembly technique. The in situ model fusion would enable and enhance nonintrusive modeling approaches, providing a reliable and extensive model environment for digital twins in the building sector. © 2023 Elsevier B.V., All rights reserved.",PASS,PASS,PASS,PASS,266,INCLUDE_AUTO,INCLURE,Tous criteres PASS
106,A digital-twin evaluation of Net Zero Energy Building for existing buildings,2019,Scopus | Web of Science,10.3390/su11010159,"With buildings around the world accounting for nearly one-third of global energy demand and the availability of fossil fuels constantly on the decline, there is a need to ensure that this energy demand is efficiently and effectively managed using renewable energy now more than ever. Most research and case studies have focused on energy efficiency of 'new' buildings. In this study, both technical and financial viability of Net Zero Energy Buildings (NZEB) for 'existing' buildings will be highlighted. A rigorous review of open literatures concerning seven principal areas that in themselves define the concept of NZEB building is carried out. In practice, a suitable option of the NZEB solutions is needed for the evaluation and improvement for a specific geographical area. The evaluation and improvement has been carried out using a novel hierarchy-flow chart coupled with a Building Information Model (BIM). This BIM or digital twin is then used to thoroughly visualize each option, promote collaboration among stakeholders, and accurately estimate associated costs and associated technical issues encountered with producing an NZEB in a pre-determined location. This paper also provides a future model for NZEB applications in existing buildings, which applies renewable technologies to the building by aiming to identify ultimate benefit of the building especially in terms of effectiveness and efficiency in energy consumption. It is revealed that the digital twin is proven to be feasible for all renewable technologies applied on the NZEB buildings. Based on the case study in the UK, it can be affirmed that the suitable NZEB solution for an existing building can achieve the 23 year return period. © 2021 Elsevier B.V., All rights reserved.",PASS,PASS,PASS,PASS,274,INCLUDE_AUTO,INCLURE,Tous criteres PASS
107,Digital Twin application on next-generation Building Energy Performance Certification scheme,2022,IEEE Xplore,10.1109/isc255366.2022.9921821,"Digitalization has played a major role in the building sector in the last few decades. Starting from the early-design stage up to the building's operation and maintenance, digital tools provide all the relevant building stakeholders with the opportunity to reduce the execution time of their processes, increase their productivity, and offer higher-quality services to end-users. Despite the technology breakthroughs over the last few decades, the building sector lacks a holistic technology approach that will be applicable to all the stages of the building's lifecycle. The introduction of the well-established concept of digital twins into the building industry could manage to incorporate the various technology solutions into one platform, to fill the aforementioned technology gap. The present work introduces a framework for utilising cutting-edge digital technologies for evaluating the building's performance in accordance with a holistic Energy Performance Certification (EPC) scheme developed within the H2020 D^2EPC project. The first section introduces a stepwise approach for developing the Building Digital Twin (BDT) platform. The presentation of the incorporated technologies in the proper order, along with a description of the development philosophy provides the reader with a comprehensive DBT development roadmap. The second part includes a high-level presentation of the D^2EPC BDT scheme, elaborating on the component characteristics and their co-operation, towards delivering a novel EPC solution. The proposed digital twin architecture can also be used as the basis for future advancements in building documentation solutions (e.g. digital building logbooks) and facilitate the broader domain of energy efficiency in buildings.",PASS,WEAK,PASS,PASS,260,BORDERLINE,INCLURE,"DT explicit pour Building EPC scheme, framework documente"
109,Energy efficiency approach for smart building in islanding mode based on distributed energy resources,2018,Scopus,10.1007/978-3-319-69137-4_4,"Smart buildings represent a prototypical cyber-physical system with deeply coupled embedded sensing and networked information processing that has increasingly become part of our daily lives. The notion of cyber physical is very important because the cyber word collects information from the various physical parameters through sensors and smart devices and on the basis of this information the main controller makes decisions and an energy distribution plan during outage period. Through context-aware sensing and computation the cyber-physical systems will be able to acquire contextual awareness information from the physical world and use this information in an intelligent way to build an effective energy management system based on smart distribution of power produced from renewable resources. The proposed approach allow a dynamic selection based on real time consumption measurement and information collected by different controllers installed in different entities inside building to decide the entities that will be powered during outage, the idea presents a way for optimization of restored energy and a intelligent strategy to response to customer demands based on their classification and their needing priority. An algorithm is developed to implement our approach with a simulation in Java environment to validate our efficiency management system through on-site distributed generators within buildings to operate in islanding mode. Finally, The objective of this paper is to propose a solution for new building generation that represent future smart cities concept and to have an self-supply based on distributed generation without needing to be connected to the main power grid. © 2019 Elsevier B.V., All rights reserved.",WEAK,PASS,PASS,FAIL,259,EXCLUDE_AUTO,EXCLURE,FAIL on C4_scope
110,DIGITAL TWIN VALUE IN INTELLIGENT BUILDING DEVELOPMENT,2023,Scopus,10.20998/2522-9052.2023.2.11,"The aim of the research. This article discusses the use of the Digital Twin in automation and its impact on the resulting solution. The research aims to illuminate the Digital Twin concept explanation and systematise the knowledge base and fulfill information gaps. Research results. The paper overviews the history of the concept and determines the main phases of Digital Twin development. The significant attention was paid to the classification issue to show the huge variation depending on Digital Twin‘s purpose, lifecycle phase, the scale of the physical twins and data amount in order to explain the twin‘s relation and the hierarchy of complex system. The defined capabilities and values of the concept identify the possible use cases and explain the potential benefits of Digital Twin implementation. Also, this paper takes a look at the use of Digital Twin in the area of building automation. This concept potentially may act as the integration platform for building management systems (BMS) and building information modelling (BIM) technologies with IoT solutions. The discussion of Digital Twin implementation for the building automation complex is presented. We conclude that the Digital Twin can integrate human factor to the control system by using the indexes of climate satisfaction, the feedback functionality and human-machine interfaces. As a result, the improvement of system efficiency depends on the coordination and orchestration of equipment operating mode. Conclusion. The Digital Twin has a high potential for energy efficiency improvements, as it considers many factors, integrates a huge amount of data and continuously improves themselves with real-world data. © 2023 Elsevier B.V., All rights reserved.",PASS,PASS,PASS,PASS,266,INCLUDE_AUTO,INCLURE,Tous criteres PASS
111,TOWARDS DIGITAL TWIN DRIVEN CULTURAL HERITAGE MANAGEMENT: A HBIM-BASED WORKFLOW FOR ENERGY IMPROVEMENT OF MODERN BUILDINGS,2022,Scopus | Web of Science,10.5194/isprs-archives-xlvi-5-w1-2022-149-2022,"Europe has numerous historic buildings that need to become more energy-efficient, which need permanent maintenance and refurbishment to fulfill sustainability and use requirements. Asset owners and asset managers need to adopt new strategies to protect listed buildings while optimizing costs and benefits during their life cycle. In this sense, the digital transition proves to be a moment to seize for opening new scenarios. The Digital Twin paradigm promises to be valuable for enabling the sustainable knowledge, conservation, restoration, and management of built assets and solving the dilemma about protecting the architectural identity of these buildings while adapting them to the functional and performance requirements dictated by the regulatory framework. This study proposes a workflow that integrates Heritage Building Information Modeling (HBIM) and Building Performance Simulation (BPS) tools for data-driving the energy improvement of Italian listed modern buildings built between the 1920s and 1960s. After acquiring information about the building, the HBIM model and the Building Energy Model (BEM) are realized based on the International Foundation Classes (IFC) standard. Energy intervention measures are defined, construction costs are computed, and benefits during the intervention life cycle are predicted in thermal demand. Finally, an expeditious multi-criteria analysis allows for comparing different intervention combinations and indicating the optimal solution for the energy improvement of the building concerning energy, economic, and financial issues. These outcomes represent the first step towards realizing a dynamic, accessible, and sharable Digital Twin. © 2022 Elsevier B.V., All rights reserved.",PASS,WEAK,PASS,PASS,243,BORDERLINE,INCLURE,"DT heritage HBIM workflow, Italian listed buildings"
112,Lean and interpretable digital twins for building energy monitoring – A case study with smart thermostatic radiator valves and gas absorption heat pumps,2023,Scopus | Web of Science,10.1016/j.egyai.2023.100304,"The transition to low carbon energy systems poses challenges in terms of energy efficiency. In building refurbishment projects, efficient technologies such as smart controls and heat pumps are increasingly being used as a substitute for conventional technologies with the aim of reducing carbon emissions and determining operational energy and cost savings, together with other benefits. Measured building performance, however, often reveals a significant gap between the predicted energy use (design stage) and actual energy use (operation stage). For this reason, lean and interpretable digital twins are needed for building energy monitoring aimed at persistence of savings and continuous performance improvement. In this research, interpretable regression models are built with data at multiple temporal resolutions (monthly, daily and hourly) and seamlessly integrated with the goal of verifying the performance improvements due to Smart thermostatic radiator valves (TRVs) and gas absorption heat pumps (GAHPs) as well as giving insights on the performance of the building as a whole. Further, as part of modelling research, time of week and temperature (TOWT) approach is reformulated and benchmarked against its original implementation. The case study chosen is Hale Court sheltered housing, located in the city of Portsmouth (UK). This building has been used for the field-testing of innovative technologies such as TRVs and GAHPs within the EU Horizon 2020 project THERMOSS. The results obtained are used to illustrate possible extensions of the use of energy signature modelling, highlighting implications for energy management and innovative building technologies development. © 2023 Elsevier B.V., All rights reserved.",PASS,PASS,PASS,PASS,250,INCLUDE_AUTO,INCLURE,Tous criteres PASS
114,Digital twin implementation based on a white-box building energy model: A case study on blind control for passive heating,2025,Scopus,10.1016/j.enbuild.2025.116454,"Digital twins (DTs) offer a powerful means of managing buildings more energy-efficiently. Anchored in Directive (EU) 2024/1275, which encourages the use of DTs to improve a building’s smart-readiness, this study investigates how a DT can optimise passive heating in an educational building through intelligent shading control. The goal is to cut heating demand by maximising solar gains during unoccupied periods, particularly at weekends, via adaptive blind operation. A calibrated white-box Building Energy Model (BEM) forms the virtual core of the DT and is examined at two calibration levels: envelope-calibrated (Model A) and convection-calibrated (Model B). Using forecast weather data, the DT generated dynamic, zone-specific blind schedules for three successive weekends. These schedules were then evaluated with real weather data in simulation and compared with fixed ‘open’ and ‘closed’ blind positions. Across all periods, the DT-derived schedules consistently lowered heating energy demand relative to the static cases. Under real weather conditions, average savings reached 3.80 % compared with the open schedule and 22.20 % compared with the closed schedule. Although forecast errors introduced some variability, the control strategy proved robust and adaptable. Model B delivered the greatest predictive accuracy, reliably capturing zone-level thermal dynamics. The results highlight the operational benefits of DT: significant energy savings, predictive control without extensive sensor deployment, and straightforward implementation costs. Taken together, these findings underline the value of DTs as practical, adaptive tools for energy-efficient building operation. © 2025 Elsevier B.V., All rights reserved.",PASS,PASS,PASS,PASS,249,INCLUDE_AUTO,INCLURE,Tous criteres PASS
115,Predictive control of HVAC by multiple output GRU - CFD integration approach to manage multiple IAQ for commercial heritage building preservation,2023,Scopus | Web of Science,10.1016/j.buildenv.2023.110802,"Excessive and fluctuating indoor air quality (IAQ) leads to destruction of historical buildings. Regenerated commercial historic buildings are generally fitted with heating, ventilation, and air conditioning (HVAC) systems for IAQ improvement. There is a time delay in the HVAC system to control environment within the target range after the settings adjustment because of the time required for air conditioners to cool, heat or exchange fresh air. The lack of timely and effective control of traditional HVAC is insufficient to control IAQ for the preservation of historical buildings. This research proposed a novel Multiple Output Gate Recurrent Unit (GRU) - Computational Fluid Dynamics (CFD) integration method and combined it with the automatic control using digital twin technology to improve the effectiveness and efficiency of multiple IAQ management for the preservation of whole indoor spaces. This method considered visual impacts and minimized the external equipment impact. The sequencing order of multiple IAQ enhancements by adjusting HVAC control was investigated based on the priority of multiple IAQ parameters on historic building preservation. The proposed Multiple Output GRU prediction reduced the time by at least 1/3 for training and validation. As heritage buildings restrict the installation of sensors, CFD was used to identify the maximum value and location based on sensed IAQ data for adjustment triggers. The combined method contributed to identifying the predicted maximum value to trigger the 10 min pre-regulation of the HVAC system for dealing with the time delay to maintain multiple IAQ in standard ranges for heritage building preservation. © 2023 Elsevier B.V., All rights reserved.",PASS,PASS,PASS,PASS,257,INCLUDE_AUTO,INCLURE,Tous criteres PASS
121,Digital Twin framework for automated fault source detection and prediction for comfort performance evaluation of existing non-residential Norwegian buildings,2023,Scopus,10.1016/j.enbuild.2022.112732,"Numerous buildings fall short of expectations regarding occupant satisfaction, sustainability, or energy efficiency. In this paper, the performance of buildings in terms of occupant comfort is evaluated using a probabilistic model based on Bayesian networks (BNs). The BN model is founded on an in-depth analysis of satisfaction survey responses and a thorough study of building performance parameters. This study also presents a user-friendly visualization compatible with BIM to simplify data collecting in two case studies from Norway with data from 2019 to 2022. This paper proposes a novel Digital Twin approach for incorporating building information modeling (BIM) with real-time sensor data, occupants’ feedback, a probabilistic model of occupants’ comfort, and HVAC faults detection and prediction that may affect occupants’ comfort. New methods for using BIM as a visualization platform, as well as a predictive maintenance method to detect and anticipate problems in the HVAC system, are also presented. These methods will help decision-makers improve the occupants’ comfort conditions in buildings. However, due to the intricate interaction between numerous equipment and the absence of data integration among FM systems, CMMS, BMS, and BIM data are integrated in this paper into a framework utilizing ontology graphs to generalize the Digital Twin framework so it can be applied to many buildings. The results of this study can aid decision-makers in the facility management sector by offering insight into the aspects that influence occupant comfort, speeding up the process of identifying equipment malfunctions, and pointing toward possible solutions. © 2023 Elsevier B.V., All rights reserved.",PASS,PASS,PASS,PASS,256,INCLUDE_AUTO,INCLURE,Tous criteres PASS
122,Integrating digital twin technology into large panel system estates retrofit projects,2021,Scopus | Web of Science,10.17645/up.v6i4.4464,"As sustainability is now a standard for the proposed developments, the focus ought to be shifted towards the existing buildings and, among them, the worldwide stock of large panel system (LPS) buildings. Major upgrades and retrofits were done to some of the LPS estates in Germany and France, but a leading sustainable way must still be developed for LPS buildings in Eastern European countries, where apartments in those half‐a‐century‐old estates are privately owned. Both sustainability and ownership issues make the demolition option redundant, and therefore the method for deep thermal retrofit and urban intervention is being developed with the use of BIM simulation tools. Digital twin (DT) technology allows for calibration to intertwine with the Internet of Things applications that reward the inhabitants for sustainable behaviour while feeding the relevant data back to the DT. Thanks to this, smart technology can be used to raise the level of social participation in the projects and thus help educate the end‐users, which is paramount in establishing and maintaining good ecological habits, and as such, also for the efficacy and viability of the final endeavour. This article proposes a procedure of creating a 3D model typology repository for facilitating DT technology to provide a good analytical tool for community consultation and enable virtual testing of technical and urban solutions before implementation. It aims to determine the method for virtual technology to give deteriorating estates a new lease of life and improve their perception in the wider community while being a conduit for the adaptation of CEE to the digital revolution. © 2021 Elsevier B.V., All rights reserved.",PASS,WEAK,PASS,WEAK,268,BORDERLINE,EXCLURE,"LPS retrofit strategie multi-stock, pas DT operationnel"
123,Digital Twin for Energy Management of Integrated Thermal Electrical Energy Storage Systems,2025,Scopus,10.1007/978-3-031-81560-7_18,"As global warming and environmental degradation escalate, transitioning to renewable energy systems (RES) becomes imperative. RES, such as solar and wind power, offer sustainable alternatives by emitting minimal greenhouse gases during operation. However, their integration into existing power grids poses challenges due to their intermittent nature. Local energy communities (LECs) and energy hubs (EHs) address these challenges by locally managing energy supply and demand, enhancing grid stability. This paper explores the integration of thermal energy storage (TES) and battery energy storage systems (BESS) within EHs, utilizing Digital Twin (DT) technology for energy management. DTs provide real-time monitoring, simulation, and optimization, facilitating the efficient use of RES and improving system reliability. The high-level architecture of the DT platform is designed for modularity and scalability, supporting both virtual test environments and real-time operations. The platform incorporates key assets like photovoltaic systems, BESS, TES, heat pumps, and electric vehicle charging stations, and supports various control strategies to optimize energy management. Performance is evaluated using key performance indicators (KPIs) such as CO<inf>2</inf> footprint, operational cost, self-consumption, self-sufficiency, and peak power duration, providing critical insights into the sustainability and efficiency of energy systems. A simulation is performed to showcase advanced energy management for integrated thermal - electrical energy storage systems on a residential area of 100 households in reducing CO<inf>2</inf> emissions and energy cost. © 2025 Elsevier B.V., All rights reserved.",PASS,WEAK,PASS,FAIL,236,EXCLUDE_AUTO,EXCLURE,FAIL on C4_scope
124,Multi-stage calibration framework for a digital twin model in building operations: Cold chain logistics centers case study,2025,Scopus | Web of Science,10.1016/j.enbuild.2025.115662,"This paper presents a multi-stage calibration framework for digital twins in building operations for cold chain logistics centers, focusing on key aspects such as temperature dynamics, cooling loads, and power consumption during such building operations. The rapid expansion of cold chain logistics centers has introduced significant challenges in ensuring product quality, optimizing energy consumption, and reducing operational costs. Digital twin-enabled building operations offer a potential solution to address these challenges. The proposed building digital twin, developed using EnergyPlus and Python, integrates sensor data with particle swarm optimization (PSO) algorithms to systematically calibrate key parameters such as internal thermal mass, air infiltration, and HVAC performance. Calibration is performed with a time step of one-minute, improving model accuracy by capturing transient dynamics that often overlooked by conventional hourly calibration methods. A real-world building was used to validate the proposed building digital twin model structure and calibration framework. Experimental results demonstrated the ability of the digital twin to predict building operating temperatures and energy consumption with high accuracy. The study highlights the benefits of using temperature and power sensor data as the primary inputs for model calibration, showing the potential on reducing reliance on more complex and intrusive measurement techniques. Furthermore, a multi-objective particle swarm optimization (MOPSO) algorithm was implemented to further verify the theoretical feasibility of the proposed multi-stage calibration framework. © 2025 Elsevier B.V., All rights reserved.",PASS,PASS,PASS,PASS,232,INCLUDE_AUTO,INCLURE,Tous criteres PASS
127,Classifying the operational energy performance of buildings with the use of digital twins,2023,Scopus | Web of Science,10.1016/j.enbuild.2023.113106,"The classification of the energy efficiency of buildings with the use of the energy performance certificate, constitutes a common practice for the building energy assessment performance community. The main stream in the field is the so-called asset rating, that is the calculation of the energy performance of buildings, whereas another option for the definition of the energy class of a building relies on its measured performance, named operational rating. Despite the fact that significant progress has been achieved in the field of smart sensors and smart buildings, effective solutions related to the employment of Industry 4.0 practices, such as Building Information Modelling (BIM) or digital twins are not employed for the operational rating of buildings energy performance. This study aspires to introduce a comprehensive framework for the operational assessment of buildings energy performance, with the use of advanced tools and practices for building digitization. For the purpose of this study, a relevant set of operational indicators was employed, with the purpose to provide information, both to the landlords and the tenants, related to the actual energy performance of the building. The novelty of this study relies on the fact that for the extraction of the operational rating, a digital twin environment was used, employing smart sensors, real time measurements and a BIM environment. Within this study, the proposed concepts are demonstrated in a case study building of mixed used. This study aims to shed light to the development of practices for the remote and smart real time energy assessment of building units. © 2023 Elsevier B.V., All rights reserved.",PASS,PASS,PASS,PASS,261,INCLUDE_AUTO,INCLURE,Tous criteres PASS
129,How occupant positioning systems can be applied to help historic residences manage energy consumption: A case study in China,2024,Scopus | Web of Science,10.1016/j.buildenv.2023.111110,"Historic residences often suffer from low energy efficiency due to inadequate management and obsolete infrastructure. To ensure these buildings operate in an environmentally friendly manner, intelligent energy control and management are necessary. Accurate indoor user positioning is fundamental to realizing occupant-centric controls. However, historic dwellings, with architectural heritage preservation requirements and diverse operational modes, present multiple challenges in terms of occupant monitoring and energy management. This research proposes a BLE positioning system based on the SAE-CNN algorithm to realize the analysis and prediction of occupant locations in a cost-effective and minimally-intrusive manner. The process begins by dividing spaces based on the mapped BIM model and cluster analysis. The RSSI maps of wireless signals collected from the Bluetooth beacons in each space are then preprocessed by Gaussian filter and sliding window techniques. Lastly, a machine learning algorithm refines the prediction model, which is integrated into a digital twin platform designed for energy consumption management. The system was implemented in a traditional Chinese dwelling in Wufu town, Fujian Province. The results are promising, showing that the positioning accuracy reached 1.5–2 m (95 % confidence interval), while the platform effectively presented the real-time positioning results as well as realized occupant-centric energy management. Moreover, the collected location information shed light on occupants' spatial usage habits, offering valuable insights for devising decarbonization retrofit strategies. © 2024 Elsevier B.V., All rights reserved.",PASS,PASS,PASS,PASS,233,INCLUDE_AUTO,INCLURE,Tous criteres PASS
130,Prediction of an Efficient Energy-Consumption Model for Existing Residential Buildings in Lebanon Using an Artificial Neural Network as a Digital Twin in the Era of Climate Change,2023,Scopus,10.3390/buildings13123074,"Environmental factors, such as climate change, have serious consequences for existing buildings, including increased resource consumption and footprint, adverse health effects, and reduced comfort for the occupants. To promote sustainability and address climate change, architecture must embrace digitalization. Buildings can be built digitally, analyzed in real time, optimized for energy consumption, and utilized to reduce carbon emissions and achieve zero energy consumption using digital twin technology. Currently, Lebanon’s residents are turning to solar power to generate renewable energy as a result of a lack of energy supplied by the government. In this study, a digital twin model was designed using an artificial neural network (ANN) to investigate the energy consumption of residential buildings. The main idea was to assist architects and engineers in forecasting energy consumption for different design materials by selecting the most effective alternate design for materials with building envelope characteristics, such as exterior walls, roof insulation, and windows, to minimize the consumption of energy in a residential building, hence resulting in a green building. The data simulations used in the digital twin model were carried out using Quick Energy Simulation Tool (eQuest) software; 1540 simulation results were used for different thicknesses of insulation material, values of conductivity, and window types. The digital twins were designed using an artificial neural network model. The results of the investigation and the accompanying eQuest output results were found to be precise and very similar. © 2023 Elsevier B.V., All rights reserved.",PASS,FAIL,PASS,PASS,241,EXCLUDE_AUTO,EXCLURE,FAIL on C2_validation
132,Linking energy-cyber-physical systems with occupancy prediction and interpretation through WiFi probe-based ensemble classification,2019,Scopus | Web of Science,10.1016/j.apenergy.2018.11.079,"With the rapid advances in sensing and digital technologies, cyber-physical systems are regarded as the most viable platforms for improving building design and management. Researchers investigated the possibility of integrating energy management systems with cyber-physical systems to form energy-cyber-physical systems in order to promote building energy management. However, minimizing energy consumption while fulfilling building functions for energy-cyber-physical systems is challenging due to the dynamics of building occupants. As occupant behavior is a major source of uncertainty for energy management, ignoring it often results in both energy waste caused by overheating and overcooling as well as discomfort due to insufficient thermal and ventilation services. To mitigate such uncertainties, this study proposes an occupancy-linked energy-cyber-physical system that incorporates WiFi probe-based occupancy detection. The proposed framework utilizes ensemble classification algorithms to extract three forms of occupancy information. It creates a data interface to link energy management systems and cyber-physical systems and allows for automated occupancy detection and interpretation by assembling multiple weak classifiers for WiFi signals. A validation experiment in a large office room was conducted to examine the performance of the proposed occupancy-linked energy-cyber-physical systems. The experiment and simulation results suggest that, with a proper classifier and occupancy data type, the proposed model can potentially save about 26.4% of energy consumption in cooling and ventilation demands. © 2020 Elsevier B.V., All rights reserved.",WEAK,PASS,PASS,PASS,236,BORDERLINE,INCLURE,"CPS+WiFi occupancy, ensemble classification validation"
133,A cyber-physical power distribution management system for smart buildings,2018,Scopus,10.1007/978-3-319-74500-8_50,"Cyber-physical systems can collect information from different physical parameters through smart sensors and process this information in the cyber-world for best actuators control and energy efﬁciency. A smart building is such a good scope of application and presents a prototypical cyber-physical energy system because through sensing and computing, the system can analyze and make decisions based on contextual awareness information from the physical world and use this information in an intelligent way for smart distribution and smart balancing between power resources in outage mode. A new smart building architecture is proposed in this paper based on cyber physical manager for a dynamic selection of powered houses in an islanded building. The cyber physical manager control exchange with the main grid and also manage the power distribution into building based on analyzing of some parameters like real time consumption measurements collected by smart sensors/meter sand batteries level charge. Prosumers production is also very important to be including in the building self powering in outage period. A simulation is done with results discussion for more optimization and to check the effectiveness and superiority of our autonomous power management system through on-site distributed generators within buildings to operate in islanding mode. Finally, This paper present a solution for new building generation that can have a self-supply based on distributed renewable energy and thereafter reduce costs for bothgovernmentand costumersand createsmart living space that becomes an important trend offuture. © 2019 Elsevier B.V., All rights reserved.",WEAK,FAIL,PASS,PASS,247,EXCLUDE_AUTO,EXCLURE,FAIL on C2_validation
134,Enhancement of Building Energy Consumption Using a Digital Twin based Neural Network Model Predictive Control,2023,IEEE Xplore,10.1109/iccad57653.2023.10152308,"The development of an optimal control strategy to significantly reduce energy requirements while minimizing performance losses, including expected comfort during use, is of great necessity given today's environmental, energy and economic challenges. Advanced technological tools, data processing algorithms and digital twins must work together to overcome these energy issues. It turns out that 60% of the building sector's energy consumption comes from HVAC (Heating, Ventilation and Air Conditioning) systems, which requires changes in their control strategies. However, a prior knowledge of these needs is necessary for the optimization of these energy performances. Digital twins are a key element in the evolution of the industry of the future. The integration of such technology in the building sector could improve the energy performance, at local, regional and national level. MPC (Model Predictive Control) allows for the control of complex systems, as in the case of thermal comfort in buildings. Its use in this study allowed to reduce the energy demand for heating and cooling significantly, respectively from 4,631 kWh to 2,824 kWh (39.02%) and from 11,834 kWh to 9,025 kWh (27.34%). The model used in this controller is an artificial neural network, which was fed with data generated by a dynamic thermal simulator. The bi-directional data transfer between the real model and the digital twin, through the MQTT protocol, thanks to the IoT, and the storage of these data are precious, that will allow the continuous improvement of this neural network model and thus the energy performance of the building first and the building sector later.",PASS,FAIL,PASS,PASS,263,EXCLUDE_AUTO,EXCLURE,FAIL on C2_validation
136,Digital Twins and CFD simulations for accurate sensor positioning,2025,Scopus,10.5194/isprs-archives-xlviii-g-2025-1291-2025,"Building renovation to improve energy efficiency is crucial for reducing CO2 emissions, aligning with the goal of achieving net-zero emissions by 2050. This task requires a holistic approach that encompasses retrofitting outdated systems, enhancing thermal insulation, and integrating renewable energy sources. Simulating different indoor environmental conditions and technological systems within Digital Twin (DT) before interventions is crucial for optimizing energy efficiency. Simulations can support the proper installation of heating and cooling devices and facilitate the deployment of advanced technologies, including smart Heating, Ventilation, and Air Conditioning (HVAC) systems, energy-efficient lighting, and automated energy management solutions. The use of Artificial Intelligence (AI) in simulations allows for the precise sizing of HVAC systems, including heat pumps and related devices, by accurately modelling demand profiles and optimizing sensor placement based on the geometries of DTs. This study, conducted as part of the Horizon Europe InCUBE project1, explores a real-world use-case at the Centro Servizi Culturali Santa Chiara in Trento, Italy. It introduces an innovative approach that integrates 3D surveying, computational fluid dynamics (CFD), and digital twin (DT) geometries to enhance the analysis of indoor heat distribution. The proposed data-driven pipeline optimizes sensor placement within indoor spaces, ensuring precise system design, improving performance and energy efficiency, and minimizing energy waste while preventing the oversizing of technological systems. © 2025 Elsevier B.V., All rights reserved.",PASS,PASS,PASS,PASS,225,INCLUDE_AUTO,INCLURE,Tous criteres PASS
139,Hierarchical MPC for building energy management: Incorporating data-driven error compensation and mitigating information asymmetry,2024,Scopus | Web of Science,10.1016/j.apenergy.2024.123780,"The increasing adoption of renewable energy sources (RESs) in public power grids has led to a demand for more intelligent energy management systems (EMSs) in large-scale buildings. A common approach for controlling EMSs for buildings is Model Predictive Control (MPC). For large-scale buildings, hierarchical MPC schemes have been proposed, offering the advantage of scalability through problem decomposition into multiple layers. However, hierarchical schemes often suffer from information mismatch due to information asymmetry between layers, leading to suboptimal control performance. This issue is worsened by model errors inherent to the models underlying the MPC controllers. To address these challenges, we propose a hierarchical MPC approach, which includes data-driven error compensation. Additionally, to mitigate information mismatch, a one-iteration communication step is introduced between the hierarchical layers. The proposed approach comprises two layers: an aggregator layer that controls overall energy flows of the building, and a distributor layer that allocates thermal energy to individual temperature zones. The distributor may request additional thermal budget by providing the aggregator with an otherwise expected performance loss, which it can trade off accordingly. The approach is evaluated in a software-in-the-loop (SiL) simulation using a physics-based digital twin model of a multi-zone commercial building, showing notable improvements in overall control performance in comparison to a naive hierarchical baseline and similar performance to a monolithic baseline. © 2024 Elsevier B.V., All rights reserved.",PASS,WEAK,PASS,PASS,233,BORDERLINE,INCLURE,Physics-based DT + SiL simulation MPC building
141,Implementing Digital Twins for Enhanced Energy Management in Three Case Studies,2024,Scopus,10.1109/metrolivenv60384.2024.10615496,"Digitalization is recognized as a powerful enabler for decarbonizing the building sector. The International Energy Agency has highlighted its potential to improve safety, productivity, accessibility, and sustainability of energy systems. This work aims to present innovative applications of digital twins within the European Project DigiBUILD, focusing on optimizing energy systems for enhanced efficiency and reduced carbon footprint. The architecture of the developed digital twins w detailed, focusing on data collection, services description, and their implementation. Through three detailed case studies, the paper explores real applications of digital twins: the Heron pilot, whose aim is to manage a cluster of buildings and optimally charges electric vehicles to reduce carbon emissions; Veolia, where a district heating networks to optimally manage heat sources in the production plant to reduce gas consumption and emissions; and Emotion, focusing on a building equipped with photovoltaic panels and electric vehicles and implementing services for optimal vehicle charging to maximize self-consumption, in day-ahead scheduling but also in real time. A discussion finally highlights the challenges and limitations encountered in the deployment of digital twins, emphasizing the importance of user interaction in facilitating efficient energy management. This research contributes in underlining the significant potential of digital twins in advancing the digitalization of the energy sector, contributing to the European Union's goals for sustainability and reduced environmental impact. © 2024 Elsevier B.V., All rights reserved.",PASS,PASS,PASS,WEAK,228,BORDERLINE,INCLURE,"DT explicit, 3 case studies (Heron+Veolia+Emotion)"
142,Digital twin model calibration of HVAC system using adaptive domain Nelder-Mead method,2025,Scopus | Web of Science,10.1016/j.enbuild.2025.115340,"Digital twin control enhances HVAC systems by enabling real-time monitoring, energy optimization, and maintenance for improved performance and energy efficiency. To perform digital twin control effectively, it is necessary to have an accurate simulation model that can predict the performance of HVAC systems. However, simulation models have limitations in replicating real operating conditions, requiring calibration using actual measurement data. HVAC systems vary in operating environments, necessitating on-site embedded systems for customized operational optimization. However, existing research utilizing physics-based simulation models and metaheuristic algorithms incurs high computational costs, making practical implementation challenging. In this study, we developed the adaptive domain Nelder-Mead (ADNM) method, which optimizes calibration coefficients of the simulation model to minimize the error between predicted values and measured data in a short computation time. ADNM constructs an initial simplex using the Sobol sequence and previous optimal solutions, enabling robust minimization of the objective function even with changing operating conditions. The proposed method, validated with real HVAC data, reduced temperature RMSE by 60–70 % compared to the traditional NM algorithm and demonstrated up to 10–60 % lower temperature error than Bayesian optimization (BO) at similar computational times. Although genetic algorithm (GA) achieved lower errors, its computational time was over 3 to 6 times higher, highlighting the proposed method's superior efficiency and accuracy. © 2025 Elsevier B.V., All rights reserved.",PASS,PASS,PASS,PASS,224,INCLUDE_AUTO,INCLURE,Tous criteres PASS
144,Optimizing Facilities Management Through Artificial Intelligence and Digital Twin Technology in Mega-Facilities,2025,Scopus | Web of Science,10.3390/su17051826,"Mega-facility management has long been inefficient due to manual, reactive approaches. Current facility management systems face challenges such as fragmented data integration, limited predictive systems, use of traditional methods, and lack of knowledge of new technologies, such as Building Information Modeling and Artificial Intelligence. This study examines the transformative integration of Artificial Intelligence and Digital Twin technologies into Building Information Modeling (BIM) frameworks using IoT sensors for real-time data collection and predictive analytics. Unlike previous research, this study uses case studies and simulation models for dynamic data integration and scenario-based analyses. Key findings show a significant reduction in maintenance costs (25%) and energy consumption (20%), as well as increased asset utilization and operational efficiency. With an F1-score of more than 90%, the system shows excellent predictive accuracy for equipment failures and energy forecasting. Practical applications in hospitals and airports demonstrate the developed ability of the platform to integrate the Internet of Things and Building Information Modeling technologies, shifting facilities management from being reactive to proactive. This paper presents a demo platform that integrates BIM with Digital Twins to improve the predictive maintenance of HVAC systems, equipment, security systems, etc., by recording data from different assets, which helps streamline asset management, enhance energy efficiency, and support decision-making for the buildings’ critical systems. © 2025 Elsevier B.V., All rights reserved.",PASS,PASS,PASS,PASS,223,INCLUDE_AUTO,INCLURE,Tous criteres PASS
147,Digital Twin supporting Blockchain in construction supply chain: From bio-based materials to energy efficiency and L.C.A..,2023,IEEE Xplore | Scopus,10.1109/bigdata59044.2023.10386742,"The increasing recognition of environmental issues and the demand for sustainable solutions within the construction industry lead to a focus on sustainable practices and alternatives in research, starting with the reduction of energy requirements in European urban parks. The implementation of methodologies for predicting and managing environmental impacts is vital. One such methodology is Life Cycle Assessment (LCA), which, related to energy simulations in buildings, characterises a more sustainable construction practice that surpasses the notion of a green building. To attain further enhancement, building material choices based on physical, mechanical and chemical properties should be thoroughly examined. Finally, monitoring building interventions is crucial for planning maintenance and tracking their current status in real-time.This investigation seeks to contextualise the function of construction materials, specifically bio-based plant fibre materials, in scientific research. Additionally, it scrutinises the potential and limitations of incorporating cutting-edge technologies (Blockchain, AI, IoT, BIM, GIS, sensors, mathematical models) in generating a Digital Twin that cohesively collates all this data while adhering to the seven Keys.The proposed Digital Twin model's architectural framework will contribute to Smart Buildings in Smart Cities, where manufacturing companies, research bodies, and governmental institutions are committed to enhancing the quality of citizens' lives. The model's materials choice for energy efficiency is paramount. © 2024 Elsevier B.V., All rights reserved.",PASS,WEAK,PASS,FAIL,220,EXCLUDE_AUTO,EXCLURE,FAIL on C4_scope
148,From Smart to Intelligent: Energy Conservation Management of Air Conditioner System,2024,Scopus,10.1007/978-981-97-1949-5_96,"The construction industry has played a significant role in socio-economic progress while it has brought a large amount of energy consumption during its rapid development. During the whole life cycle of buildings, the energy consumption in operational phase accounts for over 80%, where the electricity consumption of Heating Ventilation and Air Conditioning (HVAC) system takes a large part. Research has been widely carried out on the energy conservation of air conditioner from the perspective of technological innovation and occupant behavior, however, few research focused on such a question during the use of air conditioner in winter: should the air conditioner be turned off from an energy-saving perspective when leaving room for a short time? In order to explore an energy-saving usage mode of air conditioner, this research selected an office as the experimental site and simulated the scenarios of turning off the air conditioner or not for a short leaving. Through five types of experiments and statistical analysis such as Shapiro–Wilk and Mann–Whitney U test, the “balance point” of energy consumption was found. Further, the future intelligent management of energy consumption of HVAC system based on the concept of Agent-based modeling and Digital twin were prospected. The results refuted the popular saying on the Internet and provided guidance for public to objectively understand this issue. A novel concept that combines physical model and data-driven simulation provides a possible solution to improve energy efficiency in buildings. © 2025 Elsevier B.V., All rights reserved.",PASS,PASS,PASS,PASS,249,INCLUDE_AUTO,INCLURE,Tous criteres PASS
149,Edge AI for Object Recognition in Digital Twins: Enhancing Indoor Navigation and Bim Systems for Living Environments,2025,IEEE Xplore,10.1109/metrolivenv64961.2025.11106999,"This study investigates the use of Edge AI for object detection and tracking in living environments, aiming to enhance both building management and robotic navigation. In detail, this study explores the possibility of using deployable AI models from various pre-trained models used for object detection and tracking in indoor environments. The primary goal is to identify object recognition models that achieve high accuracy while remaining computationally efficient enough to be deployed on resourceconstrained edge devices, eliminating the need for cloud-based processing, while ensuring energy conservation. Importantly, the approach prioritizes user privacy by processing all data locally on edge microcontrollers, avoiding transmitting raw data over networks. These microcontrollers are selected for their costeffectiveness, energy efficiency, and capability to run advanced models. The study evaluates multiple pre-trained AI models, namely MobileNetV2 SSD FPN-Lite, FOMO (Faster Objects, More Objects), YOLO, and SSD, through the Edge Impulse platform. The results highlight FOMO as the best-performing model, achieving 100% accuracy with a memory footprint of less than 100 KB, making it well-suited for Edge AI applications. This approach ensures real-time detection of environmental changes and obstacles, safeguards user privacy by processing data locally and optimizes energy efficiency. Our findings demonstrate that Edge AI can be effectively leveraged to improve living environment robotic navigation and dynamic BIM updates while maintaining a lightweight computational footprint.",PASS,PASS,PASS,PASS,225,INCLUDE_AUTO,INCLURE,Tous criteres PASS
150,Modelling virtual sensors for real-time indoor comfort control,2023,Scopus | Web of Science,10.1016/j.jobe.2023.106040,"Increasing demands on indoor comfort in buildings and urgently needed energy efficiency measures require optimised HVAC systems in buildings. To achieve this, more extensive and accurate input data are required. This is difficult or impossible to accomplish with physical sensors. Virtual sensors, in turn, can provide these data; however, current virtual sensors are either too slow or too inaccurate to do so. The aim of our research was to develop a novel digital-twin workflow providing fast and accurate virtual sensors to solve this problem. To achieve a short calculation time and accurate virtual measurement results, we coupled a fast building energy simulation and an accurate computational fluid dynamics simulation. We used measurement data from a test facility as boundary conditions for the models and managed the coupling workflow with a customised simulation and data management interface. The corresponding simulation results were extracted for the defined virtual sensors and validated with measurement data from the test facility. In summary, the results showed that the total computation time of the coupled simulation was less than 10 min, compared to 20 h of the corresponding CFD models. At the same time, the accuracy of the simulation over five consecutive days was at a mean absolute error of 0.35 K for the indoor air temperature and at 1.2% for the relative humidity. This shows that the novel coupled digital-twin workflow for virtual sensors is fast and accurate enough to optimise HVAC control systems in buildings. © 2023 Elsevier B.V., All rights reserved.",PASS,PASS,PASS,PASS,252,INCLUDE_AUTO,INCLURE,Tous criteres PASS
153,A high-fidelity digital twin predictive modeling of air-source heat pump using FCPM-SBLS algorithm,2024,Scopus | Web of Science,10.1016/j.jobe.2024.109082,"This paper proposes an innovative Digital Twin (DT) model to predict air-source heat pumps' (ASHP) coefficient of performance (COP) using a combination of fuzzy (c + p) means clustering (FCPM) and the stacked broad learning system (SBLS) algorithm (FCPM-SBLS). The SBLS algorithm is adopted to establish the structure of the DT model, considering the imperative of tracking real-time performance changes in ASHP applications. To enhance the fitting and generalization ability of the DT model, FCPM is employed to partition the dataset into subclasses, allowing for the creation of sub-models specifically tailored to each subclass. Moreover, an incremental-full evolution strategy of the DT model is proposed to track changes in ASHP performance. The DT model's validation is conducted using data collected at a railway passenger station. Results demonstrate that the FCPM-SBLS method has commendable predictive performance, with respective mean absolute error (MAE), mean absolute percentage error (MAPE), and root mean square error (RMSE) values of 0.045, 0.012, and 0.252. Additionally, the proposed evolution strategy ensures timely updates for tracking ASHP performance changes. Through analysis of the evolution performance of DT model straddling over years, the updated model shows a 63.1% decrease in MAPE compared to the non-updated model. This study is not only conducive to advancing DT modeling in the field of HVAC systems, but also has practical significance for improving the energy efficiency and performance monitoring of ASHP. © 2024 Elsevier B.V., All rights reserved.",PASS,PASS,PASS,PASS,246,INCLUDE_AUTO,INCLURE,Tous criteres PASS
154,Optimizing office building operations: a framework for continuous dynamic energy simulations in decision-making for efficiency,2024,Scopus | Web of Science,10.3389/fbuil.2024.1405182,"Digital twins represent a promising approach for sustainable building operations and management in the context of the carbon neutrality goals of the European Union (EU). Using OpenStudio, an opensource platform for building energy modeling, we demonstrated the creation and editing of building digital twins. OpenStudio provides a user-friendly interface and extensive simulation capabilities, allowing detailed and accurate modeling of building components and systems. Using OpenStudio Measures, users can automate tasks and customize simulation models to optimize the building performance. The process of creating a building digital twin involves collecting historical data and accurately representing the building geometry; materials; schedules; and heating, ventilation, and air conditioning (HVAC) systems. Challenges such as data availability and model accuracy highlight the importance of modeling practices. Editing the digital twin involves modifying the OpenStudio model files and EnergyPlus weather files to simulate different building operation scenarios. Python programming language opportunities were considered for digital twin file modification. The potential of digital twins lies in their ability to simulate future building conditions and optimize building system settings. By integrating digital twins with machine learning algorithms and connecting them directly to building management systems, optimal building control strategies can be automated, thereby reducing energy consumption and improving occupant comfort levels. © 2024 Elsevier B.V., All rights reserved.",PASS,PASS,PASS,PASS,211,INCLUDE_AUTO,INCLURE,Tous criteres PASS
155,A cyber-physical system for building automation and control based on a distributed MPC with an efficient method for communication,2021,Scopus,10.1016/j.ejcon.2021.04.008,"This paper introduces a cyber-physical system for building automation and control that is developed based on a distributed model predictive control. The implemented distributed method significantly reduces computation overhead with respect to the centralized methods. However, continuous data transfer between subsystems, which are often far from each other, is required when using this method. Information transmission between subsystems is very often subject to the limitations of transmission bandwidth and/or short communication range resulting in significant communication overhead. This causes significant time latency between making measurements and applying control commands, which adversely affects the control performance. Therefore, the distributed method used in this paper implements a two-level communication architecture to reduce the communication overhead. In order to avoid collision in communication inside neighborhood using this method, the TDMA-OFDMA scheme is used for wireless communication between distributed devices. Under these assumptions, the communication overhead is calculated. Then, a novel algorithm for finding the size of neighborhoods resulting in the lowest time latency between making measurements and applying control commands is presented for a typical office building. Finally, the satisfactory performance of the proposed cyber-physical system for the temperature control of a typical office building in the presence of disturbance and model inaccuracy is illustrated using computer simulations. © 2024 Elsevier B.V., All rights reserved.",WEAK,WEAK,PASS,WEAK,217,BORDERLINE,EXCLURE,"3 WEAKs, communication-focused, validation faible"
158,Smart buildings in the smart grid: Contract-based design of an integrated energy management system,2015,Scopus | Web of Science,10.1007/978-3-662-45928-7_5,"In a supply-following “smart” grid scenario, buildings can exploit remotely controllable thermostats and “smart” meters to communicate with energy providers, trade energy in real-time and offer frequency regulation services, by leveraging the flexibility in the energy consumption of their heating, ventilation and air conditioning (HVAC) systems. The realization of such a scenario is, however, strongly dependent on our ability to radically re-think the way both the grid and the building control algorithms are designed. In this work, we regard the grid as an integrated, distributed, cyber-physical system, and propose a compositional framework for the deployment of an optimal supply-following strategy. We use the concept of assume-guarantee contracts to formalize the requirements of the grid and the building subsystem as well as their interface. At the building level, such formalization leads to the development of an optimal control mechanism to determine the HVAC energy flexibility while maximizing the monetary incentive for it. At the grid level, it allows formulating a model predictive control scheme to optimally control the ancillary service power flow from buildings, while integrating constraints such as ramping rates of ancillary service providers, maximum available ancillary power, and load forecast information. Simulation results illustrate the effectiveness of the proposed design methodology and the improvements brought by the proposed control strategy with respect to the state of the art. © 2015 Elsevier B.V., All rights reserved.",WEAK,PASS,PASS,PASS,232,BORDERLINE,EXCLURE,"Smart grid focus dominant, buildings subordonnes"
160,Smart Energy Utilization for Home Appliances Using Blockchain and Digital Twin Framework,2025,Scopus,10.1109/aimla63829.2025.11041667,"Energy consumption has increased due to the growing usage of electrical appliances in contemporary homes, making predictive maintenance and effective monitoring techniques necessary. In order to improve energy efficiency and appliance management, this study suggests an Internet of Things (IoT)-based power consumption monitoring system that incorporates machine learning(ML) approaches. Predicting power consumption, detecting anomalies to predict failures, estimating appliance longevity, and scheduling maintenance with energy optimization are the four main goals of the system. It combines cloud-based storage, real-time data collecting via hardware implementation, and data-driven analytics that models appliance behaviour using synthetic datasets. The predictive modelling strategy makes use of survival analysis tools, such as Kaplan-Meier and Weibull distribution, for lifespan prediction, Isolation Forests for anomaly identification, and XGBoost for energy forecasting. In order to create an intelligent maintenance scheduling system that guarantees proactive service and optimizes energy use, power consumption trends are also examined. The system's ability to precisely predict energy usage, identify malfunctions, and enhance maintenance plans is demonstrated by experimental findings. Through the use of IoT and ML, this research advances the creation of intelligent energy management systems that improve sustainability, efficiency, and failure prediction in both residential and commercial settings. © 2025 Elsevier B.V., All rights reserved.",PASS,PASS,PASS,PASS,209,INCLUDE_AUTO,INCLURE,Tous criteres PASS
162,Modelling and prediction of energy efficient building climate toward digital twin integration,2023,Scopus,10.1109/appeec57400.2023.10561934,"Buildings account for a significant share of energy usage on a global scale, with heating, ventilation, and air conditioning (HVAC) systems being the main energy consumers. Building energy management (BEM) is a critical field that focuses on optimizing energy consumption and improving efficiency within commercial structures. Achieving precise indoor temperature prediction and regulation is crucial for enhancing building thermal performance and optimizing thermal energy utilization. Accurately pinpointing the influential parameters and factors is essential to devise an advanced building control system capable of effectively regulating indoor temperature, optimizing thermal energy usage, and improving the overall thermal performance of occupants. The integration of sensor data, internet of thing (IoT) devices, communication protocols, real-time simulations, machine learning, and visualization intelligence creates a digital twin (DT) model of systems. Through the DT model, systems can be dynamically represented and analysed, offering valuable insights for monitoring, optimization, and decision-making. This research analyses the thermal energy performance of a specific zone in the N79 building at Griffith University during the summer season, using sensor data from the BEM system. The objective is to gain insights into energy consumption patterns, temperature regulation, and overall efficiency of the zone, contributing to a better understanding of thermal energy management in the building. © 2024 Elsevier B.V., All rights reserved.",PASS,WEAK,PASS,PASS,213,BORDERLINE,INCLURE,"DT integration N79 zone analysis, IoT+ML"
166,The use of synthesised data for the development of Digital Twin: Chalmers student house case study,2023,Scopus,10.1088/1742-6596/2600/8/082008,"This research focuses on the development of a digital twin for a residential building using a synthesised data approach. The methodology involves five stages, with three of them dedicated to simulating different energy scenarios: actual energy consumption, passive house level consumption, and consumption after the implementation of smart building technology. The selected building is located at the Chalmers Technical University campus in Sweden. Synthesised data is used to simulate the energy demand of the building before and after renovation, as well as after the implementation of smart building technology. A custom agent-based simulation model is developed to simulate the impact of residents' behaviours on the building's energy consumption, and high-resolution data was analysed and synthesised to create a new dataset that was applied to the selected buildings. Finally, the results of the simulations were analysed and compared to assess the potential energy savings and improved energy performance achieved through the implementation of different scenarios. The study provides insights into the energy-efficiency of different measures for reducing energy consumption in residential buildings. The study provides insights into the energy-efficiency of different measures for reducing energy consumption in residential buildings. This research shows the potential of using synthesised data to assess and forecast changes in building stock transformation, even when real data are not available. © 2023 Elsevier B.V., All rights reserved.",PASS,PASS,PASS,PASS,225,INCLUDE_AUTO,INCLURE,Tous criteres PASS
167,Towards Automated BIM and BEM Model Generation using a B-Rep-based Method with Topological Map,2024,Scopus,10.5194/isprs-annals-x-4-2024-287-2024,"In many countries, recent boosts in the construction and renovation sectors and energy efficiency directives are driving a growing interest in the built environment among designers and maintainers. In this context, customized software solutions tailored for Building Information Modelling (BIM) and Building Energy Modelling (BEM) are proving to be indispensable for optimizing operational efficiency within the Architecture, Engineering, Construction, Owner, and Operator (AECOO) sector and for facilitating the generation of buildings' Digital Twins (DTs). These DTs rely on accurate geometry and ancillary information (semantics, sensors, etc.) to define properties of single elements, enabling crucial simulations in structural conditions or energy needs. However, BIM and BEM model creation and their enrichment with semantic information are highly time-consuming and prone to manual errors. Hence, there is an increasing demand for automatic methods featuring a high level of geometric accuracy to reconstruct building elements, such as walls, floors, and openings captured via 3D reality-based surveying. This paper introduces an automated method for creating Boundary Representation (B-Rep) models from 3D surveying data for the generation of digital building replicas. The method is based on the detection and computation of topological elements from 3D reality-based point clouds. It proves valuable for architectural or design workflows and for conducting energy or quality system simulations. © 2024 Elsevier B.V., All rights reserved.",PASS,FAIL,PASS,PASS,219,EXCLUDE_AUTO,EXCLURE,FAIL on C2_validation
170,Multi-Objective Optimization for Balancing Thermal Comfort and Energy Efficiency Using Genetic Algorithms within a Digital Twin Model,2025,Scopus,10.18280/jesa.580506,"Optimizing thermal comfort and energy efficiency in shared workspaces is a critical mechanical engineering challenge in modern building management. This study presents a novel multi-objective Genetic Algorithm (GA) approach integrated within a Digital Twin (DT) model to balance these competing objectives in real-time. Our enhanced GA methodology, integrated with a surrogate-assisted strategy using an artificial neural network, demonstrates a 3-5% performance improvement over NSGA-II and MOPSO for the same case study. The proposed framework achieves up to 25% reduction in HVAC energy consumption while maintaining 78% occupant comfort satisfaction, outperforming NSGA-II (22% energy savings, 75% comfort) and MOPSO (20% savings, 74% comfort). These results highlight the benefits of our enhanced GA in discovering superior trade-offs. From a mechanical engineering perspective, the study shows how integrating real-time simulation DT with adaptive GA optimization can guide efficient HVAC operations, providing actionable insights for engineers to improve building energy management. Future work will focus on real-world deployment and dynamic occupant behavior integration to further validate and refine this approach. Limitations include the lack of practical deployment on physical buildings and adaptation across different climatic conditions. Future research should focus on real-world validation, occupant behavior integration, and generalization of the model for diverse building types. © 2025 Elsevier B.V., All rights reserved.",PASS,PASS,PASS,PASS,218,INCLUDE_AUTO,INCLURE,Tous criteres PASS
171,"Agile, continuous building energy modeling and simulation",2025,Scopus | Web of Science,10.1177/00375497241251852,"Digital twins have emerged as highly valuable tools for model-based planning, simulation and optimization over the last couple of years, thereby demonstrating considerable potential for application within the construction industry. The introduction of building information modeling (BIM) has effectively established a standardized approach to representing building models. However, in practice, many of these models currently exhibit limitations as to their quality, specifically concerning the level of detail they encompass. In addition, BIM models too often are locked inside a specific vendor’s tool which readily implies a lack of platform independence, or interoperability, which, however, is essential for facilitating single and regressive, i.e., after a design change, model-based building performance simulations. Model-based engineering has effectively addressed comparable challenges within the domain of software engineering over the past decades by facilitating the integration and interoperability of models from various origins, by capitalizing on model-based tool integration. Prompted by these advantages, this study introduces a model-based tool environment that addresses the aforesaid challenges concerning BIM model quality and interoperability. Taking advantage of our proposed model-based tool environment, we implement an agile, continuous planning process for regressive, model-based building performance simulations, thereby enhancing building energy efficiency planning. © 2025 Elsevier B.V., All rights reserved.",PASS,FAIL,PASS,PASS,209,EXCLUDE_AUTO,EXCLURE,FAIL on C2_validation
172,A Secure Real-Time Digital Twin Framework for Smart Building Automation Using IoT and Blockchain Technology,2025,IEEE Xplore,10.1109/ies67184.2025.11160755,"This paper presents and validates a practical, modular framework for smart building automation. The primary contribution is the holistic evaluation of a specific, accessible technology stack comprising Home Assistant, consumer-grade IoT devices, a BIM-compatible 3D model, and a Hyperledger Besu blockchain across three critical dimensions: 1) operational performance, measured by real-world device and network latency; 2) data integrity, quantitatively assessed through blockchain transaction throughput and overhead; and 3) end-user usability, evaluated via the comprehensive PIECES satisfaction framework. The proposed system generates a synchronized digital representation of physical buildings, allowing for real-time control and energy optimization. The shortcomings of conventional smart building architectures, particularly data integrity vulnerabilities, are addressed by blockchain smart contracts, which guarantee a tamper-proof log of all critical IoT events. The framework was experimentally tested in a mid-sized educational building, demonstrating high user satisfaction, reliable device performance, and acceptable latency overhead from blockchain operations. The findings support the notion that integrating Digital Twin, IoT, and blockchain can significantly improve operational efficiency, data security, and user engagement in intelligent infrastructure systems. Future work will focus on expanding the framework with AI-driven predictive analytics and scaling the deployment to multistory and multi-location buildings.",PASS,PASS,PASS,PASS,202,INCLUDE_AUTO,INCLURE,Tous criteres PASS
175,Digital Twins in the Built Environment for Indoor Air Quality Management,2025,IEEE Xplore,10.1109/etfa65518.2025.11205769,"Indoor air quality (IAQ) is a crucial aspect of the performance of the built environment that influences the health and wellbeing of occupants. A digital twin (DT) is an emerging technology that enables mirroring of real-world conditions to optimize building operations in anticipation of improvements of the occupant experience. However, existing studies and applications lack a holistic approach using digital twin technologies to quantitatively analyze the interactions between factors affecting indoor air quality. To fill this gap, two cases in a university building in Bristol were selected for in-depth study. IAQ was measured with sensors and simulated using computational fluid dynamics (CFD) in four scenarios. The results show that air temperature and humidity were not significantly affected across different scenarios, whereas CO₂ concentration varied distinctly under different conditions. In the four scenarios, the deviations of the CFD-simulated CO₂ outcomes from real-world measurements were 0.9%, 6.4%, 2.6%, and 2.8% respectively, demonstrating that the CFD simulation can predict and manage indoor air quality with high accuracy. This research reveals the extent to which IAQ factors (e.g., temperature, humidity, CO₂) are affected by window or door operation, room size and occupant distribution. Accordingly, measures for applying multi-functional sensors to monitor building conditions, simulating indoor air quality and optimizing building operations are proposed with the support of digital twin technologies.",PASS,PASS,PASS,PASS,226,INCLUDE_AUTO,INCLURE,Tous criteres PASS
177,Indoor Comfort Assessment Based on a Digital-Twin Platform,2025,Scopus,10.22260/isarc2025/0170,"Indoor comfort is shaped by many factors, such as thermal comfort, air quality, and lighting. Traditional building-management systems often struggle to bring all these elements together and make real-time adjustments. To tackle this challenge, this study develops a digital-twin platform that combines indoor-comfort assessment with intelligent environmental control to realize real-time monitoring, accurate analysis, and efficient management of various environmental parameters. The system is based on building information modeling (BIM) and incorporates real-time sensors and camera data, which are processed to assess and adjust core comfort factors. These include thermal indices (predicted mean vote and predicted percentage of dissatisfied), air-quality metrics (CO2 levels), and lighting conditions like illuminance and color temperature. The platform utilizes Unity for environmental simulation and visualization, integrating smart lighting and air-quality sensors to deliver real-time feedback and control. To demonstrate its application, the study focuses on three common scenarios in educational settings: classroom mode, relaxation mode, and presentation mode. The system can automatically fine-tune environmental settings to meet specific user needs and enhance comfort. The results show that the system successfully bridges monitoring and control across thermal comfort, air quality, and lighting, offering a practical and efficient solution for smart-building management. © 2025 Elsevier B.V., All rights reserved.",PASS,PASS,PASS,PASS,213,INCLUDE_AUTO,INCLURE,Tous criteres PASS
178,"Monitoring and simulation-based optimization of two multi-apartment NZEBs with heat pump, solar thermal and PV",2024,Scopus | Web of Science,10.1080/19401493.2023.2227605,"For achieving carbon neutrality, new buildings must be built according to very high-performance standards, such that their energy needs can be covered predominantly by onsite renewables. Although the technical solutions for efficient envelopes are well established, heat pumps together with PV have proven to be a reliable HVAC system, the discussion is ongoing regarding the optimal system concept and design for NZEB. Furthermore, the real performance strongly depends on the design, implementation, commissioning and operation. Given the complexity of building and HVAC with the influence of climate and users, a benchmark for optimal operation requires the combination of monitoring analysis and validated component and system models. Different steps and aspects of the calibration and optimization process are presented. The model, representing a step towards a digital twin, was used to improve the operation and derive guidelines for future optimal NZEB HVAC design, commissioning and operation for maximum primary energy savings. HIGHLIGHTS Integrated simulation-based design, commissioning and optimization of Net-zero energy residential buildings Calibrated component as well as building and HVAC system simulation models Simulation assisted commissioning and optimization leads to relevant energy savings NZE Multi-Apartment Buildings possible with optimized system design and control Monthly evaluation of primary energy highlights the need for reduced winter energy demand. © 2024 Elsevier B.V., All rights reserved.",PASS,PASS,PASS,PASS,217,INCLUDE_AUTO,INCLURE,Tous criteres PASS
181,Multi-dimensional model and interactive simulation of intelligent construction based on digital twins,2025,Scopus | SpringerNature | Web of Science,10.1038/s41598-025-17100-3,"Throughout the building’s entire lifetime, the construction industry faces significant challenges in the areas of real-time monitoring, energy efficiency, and intelligent decision-making. Traditional approaches lack the responsiveness and integration necessary for smart building operations. As a consequence, they frequently result in delays, inefficiencies in resource utilization, and unsatisfactory interior environments. This research presents a unique framework for enhancing building operations and maintenance, based on Multi-Dimensional Digital Twin Technology-assisted Building Information Modeling (MD-DTT-BIM). The purpose of this framework is to address the challenges that have been identified. The proposed system utilizes real-time data integration, simulation, and predictive analytics to enhance the planning and management of construction projects and facilities simultaneously. The MD-DTT-BIM model achieves substantial performance improvements over existing models, as demonstrated by experimental validation. These improvements include a 97.6% increase in operational efficiency, a 96.7% improvement in real-time monitoring accuracy, a 95.3% reduction in energy consumption, a 94.3% rise in occupant satisfaction, and a 98.3% accuracy in predicting the quality of the indoor environment. Based on these findings, it is evident that the model has the potential to facilitate a transition toward more intelligent and environmentally responsible building methods. © 2025 Elsevier B.V., All rights reserved.",PASS,PASS,PASS,PASS,212,INCLUDE_AUTO,INCLURE,Tous criteres PASS
185,PROTOT YPING A DIGITAL TWIN - A CASE STUDY of A 'U-SHAPED' MILITARY BUILDING,2022,Scopus,10.2495/eq-v7-n1-83-94,"The aim of the article is to cover part of the issues related to develop a process aimed at defining some essential step to correctly plan a ?smart district? that could dispatch energy produced in excess to the district?s other buildings. The first step has been to search for a type of building with very similar characteristics, such as geometry, zones, with the obvious variant of the geographic localization and thermal behaviour, on the other hand, a certain computational approach has to be set, in order to achieve a further replicable and scalable approach to a small-scale urban building energy modelling (UBEM). Focusing on various characteristics, a standard ?U-shaped? building, belonging to a ?military district? in a southern city of Italy (Bari), has been chosen as a case study. In order to obtain energy information, the authors have started investigating first the basic components of the building through measures, thermal imaging, heat flux sensor, borescope, secondly a BIM model has been set and then enhanced to a Building Energy Model (BEM) trying to replicate the energy behaviour of the case study as close as possible. Although many technological innovations are emerging, the ?BIM to BEM process? and the ?BEM analysis process? itself still depends on too many variables and results on several experiments conducted showed a variation of up 26%, that probably could be improved only by a rigorous/hybrid workflow through a digital twin. © 2023 Elsevier B.V., All rights reserved.",PASS,PASS,PASS,WEAK,245,BORDERLINE,INCLURE,DT prototype U-shaped military building case study
187,"A smart building digital twin prediction framework integrating fiber optic sensing, IoT, and BIM",2025,Scopus,10.1117/12.3074014,"This study proposes a smart building digital twin prediction framework that integrates fiber optic sensing, Internet of Things (IoT), and Building Information Modeling (BIM) to address energy prediction and resource optimization challenges. By leveraging fiber optic sensing and IoT-based data collection, the system monitors key parameters such as energy consumption, indoor temperature, and occupancy in real time, while dynamically updating BIM models for centralized analysis and visualization. The Long Short-Term Memory (LSTM) network was employed to effectively capture non-linear dependencies and temporal patterns in building performance data. Experimental validation was conducted in a smart campus with diverse building types. The LSTM model achieved a mean absolute error (MAE) of 2.3%, significantly outperforming traditional methods such as ARIMA and linear regression. Integrating predictive analytics into BIM enables actionable insights, such as energy usage heatmaps, helping facility managers identify inefficiencies and optimize resource allocation. Resource optimization experiments demonstrated the system's utility, reducing peak energy consumption by 15% and overall consumption by 9.8%. The results underscore the potential of combining fiber optic sensing, predictive analytics, and intuitive visualization to enhance operational efficiency and sustainability, offering a robust solution for smart city and smart building management. © 2025 Elsevier B.V., All rights reserved.",PASS,PASS,PASS,FAIL,205,EXCLUDE_AUTO,EXCLURE,FAIL on C4_scope
188,A Deep Learning Based Digital Twin for Indoor Temperature Prediction in Smart Buildings,2024,IEEE Xplore,10.1109/picom64201.2024.00018,"With the advent of the Internet of Things (IoT), smart buildings (SBs) are increasingly equipped with a variety of sensors, including those for temperature, humidity, lighting, and human presence. These SBs often incorporate automated heating, ventilation, and air conditioning (HVAC) systems that generate substantial amounts of data daily. This data can be leveraged to develop and optimize energy-saving strategies. In this context, accurate indoor temperature prediction is essential for effective energy management. Moreover, if used properly, this prediction task can also improve the comfort within SBs. This paper proposes a novel approach to predicting indoor temperature called “Digital Twin for Temperature Prediction (DT4TP)” based on the digital twin paradigm and deep learning (DL) LSTM and BilSTM models. DT4TP has been designed to process real-time and historical data from various IoT sensors in SBs during the winter and summer seasons and to predict the temperature in the future in such environments. DT4TP has been validated through a case study developed at ICAR-CNR in Rende, Italy, and through a state-of-the-art dataset collected from office rooms in Hebei, China. Furthermore, this paper compares the proposed approach with well-known algorithms such as ANN, DNN, CNN, LSTM, and GRU. The comparison uses metrics such as MAE, MSE, RMSE, and $R^{2}$. The proposed approach can improve the temperature management of the HVAC system offering benefits for SB operations.",PASS,PASS,PASS,PASS,230,INCLUDE_AUTO,INCLURE,Tous criteres PASS
189,Towards a Digital Twin for Buildings IAQ and Thermal Comfort Monitoring,2025,Scopus | Web of Science,10.3390/app151910444,"Several studies have proven the impact of the quality of indoor environmental conditions on human professional and cognitive performances. Additionally, building energy efficiency and indoor comfort have attracted increasing interest, encouraging the implementation of advanced digital technologies and platforms for a more efficient management of buildings. In this context, this study proposes a new framework for an effective BIM-IoT integration leading to a nearly Digital Twin (DT) relying on a BIM model equipped with regularly-generated IEQ reports summarizing statistics from real-time collected data to support facility managers’ decision-making. Despite the relevant literature on the subject, the proposed methodology introduces some novelties, as monthly results of Indoor Air Quality (IAQ) and thermal comfort evaluation are provided by open HTML reports automatically generated through a Python 3.10 code from sensor data. These reports are easily readable without needing any external platform to be visualized and are directly accessible through BIM models. The proposed methodology has been validated on a pilot case study, thus proving its efficiency, effectiveness, and robustness in terms of automation level, interoperability, adaptability, reliability, accuracy in data visualization, and management. The study shows promising results but also some issues that could be addressed through further development of the research. © 2025 Elsevier B.V., All rights reserved.",PASS,PASS,PASS,PASS,212,INCLUDE_AUTO,INCLURE,Tous criteres PASS
190,Using an Evidence-Based Approach to Improve Calibration of Non-Domestic Building Digital Twins,2024,IEEE Xplore,10.1109/icece61222.2024.10505286,"In 2020, 24% of UK building emissions came from commercial and public buildings operations. Innovative methods are required to reduce energy demand and increase energy efficiency in this sector. Digital twin (DT) simulations prove valuable for this purpose, enabling the virtual testing of energy efficiency measures before implementing changes. However, the accuracy of DT simulations is only as good as their calibration's. This paper explores the advantages of using highresolution, disaggregated metered and occupancy data to improve DT calibration accuracy. The Andrew Wiles Building at the University of Oxford serves as a case study, with three different DT configurations created. The first and second use as-built and operational input data respectively, both with default occupancy. The third configuration encompasses observed operations and occupancy. Energy simulations run for the year 2022 are compared with the building's metered electricity use. The first two DT configurations result in monthly coefficients of variation of the root mean square error (CVRMSE) and normalized mean bias errors (NMBE) which are above ASHRAE Guideline 14's recommended threshold. In contrast, the third DT configuration falls right under the threshold, with a CVRMSE of 6.4% and NMBE of 5.0%, indicating a significant calibration accuracy improvement and showing the importance of accurate occupancy data in this area. Challenges related to missing data and uncertainties are also discussed.",PASS,PASS,PASS,PASS,223,INCLUDE_AUTO,INCLURE,Tous criteres PASS
192,Combining Green Metrics and Digital Twins for Sustainability Planning and Governance of Smart Buildings and Cities,2022,Scopus | Web of Science,10.3390/su142012988,"Creating a more sustainable world will require a coordinated effort to address the rise of social, economic, and environmental concerns resulting from the continuous growth of cities. Supporting planners with tools to address them is pivotal, and sustainability is one of the main objectives. Modeling and simulation augmenting digital twins can play an important role to implement these tools. Although various green best practices have been utilized over time and there are related attempts at measuring green success, works in the published literature tend to focus on addressing a single problem (e.g., energy efficiency), and a comprehensive approach that takes the multiple facets of sustainable urban planning into consideration has not yet been identified. This paper begins with a review of recent research efforts in green metrics and digital twins. This leads to developing an approach that evaluates organizational green best practices to derive metrics, which are used for computational decision support by digital twins. Furthermore, it leverages these research results and proposes a metric-driven framework for sustainability planning that understands a city as a sociotechnical complex system. Such a framework allows the practitioner to take advantage of recent developments and provides computational decision support for the complex challenge of sustainability planning at the various levels of urban planning and governance. © 2022 Elsevier B.V., All rights reserved.",PASS,WEAK,PASS,FAIL,220,EXCLUDE_AUTO,EXCLURE,FAIL on C4_scope
193,Smart Buildings and Digital Twin to Monitoring the Efficiency and Wellness of Working Environments: A Case Study on IoT Integration and Data-Driven Management,2025,Scopus,10.3390/app15094939,"Quality and efficiency of the work environment are essential to the well-being, health and productivity of employees. Despite the increasing focus on these aspects, many workplaces currently do not fully meet the needs and expectations of employees, with negative consequences for their well-being and productivity. The research aims to develop a system based on the Smart Building and Digital Twin paradigm, focusing on the implementation of various IoT components, the creation of automation flows for energy-efficient lighting, HVAC and indoor air quality control systems, and decision support through real-time data visualization enabled by user interfaces and dashboards integrating the geometric and information model (BIM). The system also aims to provide a tool for both monitoring and simulation/planning/decision support through the processing and development of machine learning (ML) algorithms. In relation to emergency management, real-time data can be acquired, allowing information to be shared with users and building managers through the creation of dashboards and visual analysis. After defining the functional requirements and identifying all3 the monitorable quantities that can be translated into requirements, the system architecture is described, the implementation of the case study is illustrated and the preliminary results of the first data collection campaign and initial estimates of future forecasts are shown. © 2025 Elsevier B.V., All rights reserved.",PASS,PASS,PASS,PASS,218,INCLUDE_AUTO,INCLURE,Tous criteres PASS
195,Applicability of Deep Learning Algorithms for Predicting Indoor Temperatures: Towards the Development of Digital Twin HVAC Systems,2023,Scopus | Web of Science,10.3390/buildings13061542,"The development of digital twins leads to the pathway toward intelligent buildings. Today, the overwhelming rate of data in buildings carries a high amount of information that can provide an opportunity for a digital representation of the buildings and energy optimization strategies in the Heating, Ventilation, and Air Conditioning (HVAC) systems. To implement a successful energy management strategy in a building, a data-driven approach should accurately forecast the HVAC features, in particular the indoor temperatures. Accurate predictions not only increase thermal comfort levels, but also play a crucial role in saving energy consumption. This study aims to investigate the capabilities of data-driven approaches and the development of a model for predicting indoor temperatures. A case study of an educational building is considered to forecast indoor temperatures using machine learning and deep learning algorithms. The algorithms’ performance is evaluated and compared. The important model parameters are sorted out before choosing the best architecture. Considering real data, prediction models are created for indoor temperatures. The results reveal that all the investigated models are successful in predicting indoor temperatures. Hence, the proposed deep neural network model obtained the highest accuracy with an average RMSE of 0.16 °C, which renders it the best candidate for the development of a digital twin. © 2023 Elsevier B.V., All rights reserved.",PASS,PASS,PASS,PASS,217,INCLUDE_AUTO,INCLURE,Tous criteres PASS
199,"Multi-Objective Optimization of Building Ventilation Systems Using Model Predictive Control: Integrating Air Quality, Energy Cost, and Environmental Impact",2025,Scopus | Web of Science,10.3390/app15010451,"This paper presents a flexible heating, ventilation and air conditioning (HVAC) modeling framework developed for building digital twin implementation. The framework is showcased for the modeling and simulation of four ventilation systems in a 8500 m2 university building. The developed model includes multiple objective model predictive control (MPC) with three objectives: electricity cost, indoor air quality and CO<inf>2</inf> emission attributed to electricity consumption. A control strategy comparison is conducted between several MPC solutions with different objective weightings and a rule-based control strategy, which emulates the current system control. A novel approach for air quality evaluation is proposed and used for the MPC modeling and strategy comparison in this study. In this comparison, a “balanced” MPC strategy reduces energy costs by 18% compared to rule-based control while also providing significantly better air quality. An economic strategy achieves 24% savings with some air quality reduction, while an air-quality-focused strategy provides nearly “perfect” air quality with 11% savings. Finally, an environmental strategy shows the potential for prioritizing CO<inf>2</inf> emissions over electricity costs. In this way, the strategy comparison illustrates the potential of MPC for the efficient operation and flexible objective prioritization according to stakeholder interests. © 2025 Elsevier B.V., All rights reserved.",PASS,WEAK,PASS,PASS,209,BORDERLINE,INCLURE,"DT 8500m2 university building, MPC HVAC validation"
200,Building Information Modeling and Building Performance Simulation-Based Decision Support Systems for Improved Built Heritage Operation,2023,Scopus | Web of Science,10.3390/su151411240,"Adapting outdated building stocks’ operations to meet current environmental and economic demands poses significant challenges that, to be faced, require a shift toward digitalization in the architecture, engineering, construction, and operation sectors. Digital tools capable of acquiring, structuring, sharing, processing, and visualizing built assets’ data in the form of knowledge need to be conceptualized and developed to inform asset managers in decision-making and strategic planning. This paper explores how building information modeling and building performance simulation technologies can be integrated into digital decision support systems (DSS) to make building data accessible and usable by non-digital expert operators through user-friendly services. The method followed to develop the digital DSS is illustrated and then demonstrated with a simulation-based application conducted on the heritage case study of the Faculty of Engineering in Bologna, Italy. The analysis allows insights into the building’s energy performance at the space and hour scale and explores its relationship with the planned occupancy through a data visualization approach. In addition, the conceptualization of the DSS within a digital twin vision lays the foundations for future extensions to other technologies and data, including, for example, live sensor measurements, occupant feedback, and forecasting algorithms. © 2023 Elsevier B.V., All rights reserved.",PASS,PASS,PASS,PASS,205,INCLUDE_AUTO,INCLURE,Tous criteres PASS
206,Development of a Cognitive Digital Twin for Building Management and Operations,2022,Web of Science,10.3389/fbuil.2022.856873,"Cognitive Digital Twins (CDTs) are defined as capable of achieving some elements of cognition, notably memory (encoding and retrieval), perception (creating useful data representations), and reasoning (outlier and event detection). This paper presents the development of a CDT, populated by construction information, facility management data, and data streamed from the Building Automation System (BAS). Advanced machine learning was enabled by access to both real-time and historical data coupled with scalable cloud-based computational resources. Streaming data to the cloud has been implemented in existing architectures; to address security concerns from exposing building equipment to undesirable access, a secure streaming architecture from BACnet equipment to our research cloud is presented. Real-time data is uploaded to a high-performance scalable time-series database, while the ontology is stored on a relational database. Both data sources are integrated with Building Information Models (BIM) to aggregate, explore, and visualize information on demand. This paper presents a case study of a Digital Twin (DT) of an academic building where various capabilities of CDTs are demonstrated through a series of proof-of-concept examples. Drawing from our experience enhancing this implementation with elements of cognition, we present a development framework and reference architecture to guide future whole-building CDT research.",PASS,PASS,PASS,PASS,206,INCLUDE_AUTO,INCLURE,Tous criteres PASS
207,Interactive 2D Design: A User Friendly Grid-Based Approach for Smart Digital Twins,2025,Scopus,10.1007/978-3-031-97313-0_26,"The integration of digital twin technologies and interactive 2D design tools has the potential to transform smart building modeling by increasing accessibility, efficiency, and precision. This paper introduces Grid4Space, an easy-to-use grid-based design tool to create 2D floor layouts for digital twin applications. Unlike traditional 3D modeling methods, which frequently require specialized knowledge and expensive equipment, Grid4Space provides an intuitive drag-and-drop interface that allows users to design structural layouts, specify room functions, and seamlessly incorporate domestic appliances. The solution prioritizes user privacy by storing data locally, which ensures security and eliminates the need for external servers. This study compares Grid4Space to traditional design approaches such as manual sketching, CAD software, and 3D scanning, highlighting its usability, cost-effectiveness, and versatility. The technology is particularly well-suited for smart building design and retrofitting, as it promotes energy-efficient solutions and improves digital twin creation. Our results show that Grid4Space greatly enhances the design workflow, making smart environment modeling more accessible to a wider range of users. Future work will concentrate on improving its capabilities to include real-time simulation and IoT integration to enable dynamic smart building management. © 2025 Elsevier B.V., All rights reserved.",PASS,FAIL,PASS,PASS,199,EXCLUDE_AUTO,EXCLURE,FAIL on C2_validation
209,Optimising Energy Performance of buildings through Digital Twins and Machine Learning: Lessons learnt and future directions,2024,IEEE Xplore,10.1109/icapai61893.2024.10541224,"In recent years, the energy efficiency of buildings has received increasing attention due to climate change mitigation goals, and higher energy costs. This paper explores the integration of 3D models, IoT sensors, Digital Twins (DT), data-driven modeling, and Artificial Intelligence (AI), particularly Machine Learning (ML) algorithms, to enhance energy performance prediction and optimisation in existing buildings. By leveraging real-time data from IoT sensors, DTs provide a comprehensive digital representation of buildings, facilitating intelligent monitoring and control for enhanced energy efficiency and occupant comfort. This paper presents the development and application of a data-driven DT for an office building in Norway, focusing on energy performance prediction. Through a case study, specific outcomes and insights are gathered regarding the feasibility and benefits of this approach, together with its inherent limitations. The results highlight that significant advancements in energy efficiency could be achieved through predictive modeling and intelligent control strategies. In future, adaptation of these technologies requires addressing key challenges and advancing methodologies for broader implementation. By identifying and addressing these challenges, the integration of IoT sensors, DTs, and AI holds considerable scope for optimising building energy performance and advancing sustainability objectives.",PASS,PASS,PASS,PASS,192,INCLUDE_AUTO,INCLURE,Tous criteres PASS
211,Balancing Preservation and Progress: A Digital Platform for Decarbonizing Heritage City Centers,2024,IEEE Xplore,10.1109/ihtc61819.2024.10855146,"The decarbonization of UNESCO-protected historic centers is an increasingly important issue, with both environmental and cultural implications. These spaces, often characterized by historic buildings and delicate infrastructures, must find a balance between preservation needs and the necessity to adopt modern solutions for carbon emission reduction. This paper provides a comprehensive review of the challenges related to decarbonization in historic centers, exploring the solutions proposed in the literature, including low-emission technologies and energy efficiency strategies that respect conservation constraints. The paper also introduces an innovative digital platform designed to assist urban planners in developing sustainable action plans, which has been developed within the Interreg Project ""ZEB4ZEN"". This platform, based on digital twins, offers advanced tools for urban modeling, scenario simulation, and real-time visualization, allowing for accurate evaluation of decarbonization options. In addition to facilitating cooperation among stakeholders, the platform supports the management of urban data and the integration of environmental metrics, enabling decision-makers to identify optimal strategies. Through the analysis of real case studies, this paper demonstrates how the platform can guide decision-making processes towards more sustainable urban planning, while respecting historical traditions.",PASS,PASS,PASS,FAIL,187,EXCLUDE_AUTO,EXCLURE,FAIL on C4_scope
215,Fusion of thermal images and point clouds for enhanced wall temperature uniformity analysis in building environments,2025,Scopus,10.1016/j.enbuild.2025.115781,"Achieving uniform temperature distribution is essential for optimizing insulation and improving building climate control. In this study, we propose a multi-sensor digitalization approach that fuses indoor thermal images with 3D point cloud data to create a detailed, geometry-aligned visualization of wall temperatures. By mapping 2D thermal information onto an accurately calibrated 3D model, we capture fine-grained temperature variations across interior surfaces. We validate the feasibility of this workflow through a comprehensive case study that details data acquisition, calibration, and fusion procedures. Our classroom case study demonstrated that the thermal point cloud reliably maps wall temperatures across a range of approximately 15 to 35∘C, with an average residual misalignment of 2.44 pixels horizontally and 3.36 pixels vertically. Furthermore, it effectively identifies localized areas of thermal non-uniformity-particularly near windows and doors-which can inform targeted insulation improvements and climate control strategies. These results offer clear guidance for practical insulation adjustments and climate control strategies and provide a robust foundation for developing digital twin models. Ultimately, our approach offers a holistic view of the building thermal environment, leading to enhanced occupant comfort and increased energy efficiency. © 2025 Elsevier B.V., All rights reserved.",PASS,PASS,PASS,PASS,198,INCLUDE_AUTO,INCLURE,Tous criteres PASS
221,A feasibility study on emissions reductions and demand response in a seaport building,2022,Scopus,10.1109/cscc55931.2022.00040,"Digital Twins play a vital role in analyzing dynamic behavior and increasing energy efficiency in an interconnected energy system. Energy consumption modelling in buildings is a fundamental part of developing a building energy digital twin, which allows the use of a virtual environment to run 'what-if' simulations to explore the impact of design modifications for improving the energy efficiency of buildings. This paper focuses principally on the HVAC demand in a seaport building used as an office space. It explores the flexibility and deployment of heat pumps for emissions reductions and demand response. The office building, located in Middlesbrough, UK was modelled using sensor data on electricity consumption, fuel oil consumption, inside temperature and humidity distribution and the subjective thermal experiences of the building occupants. Modelling errors of less than 6% for the demand for active power and less than 10% for the demand for reactive power were obtained. The models were then deployed for exploration of demand management, demand response and emissions reduction scenarios. The paper reports the potential for 33% cut in CO2 emissions per year by conversion of heating from fuel oil to heat pumps, and a 14% potential reduction in peak electricity load by the deployment of heuristic demand management / demand response controls. © 2023 Elsevier B.V., All rights reserved.",PASS,PASS,PASS,PASS,215,INCLUDE_AUTO,INCLURE,Tous criteres PASS
223,"BIM, 3D Cadastral Data and AI for Weather Conditions Simulation and Energy Consumption Monitoring",2024,Scopus | Web of Science,10.3390/land13060880,"This paper is part of an ongoing research study on developing a methodology for the low-cost creation of the Digital Twin of an urban neighborhood for sustainable, transparent, and participatory urban management to enable low-and middle-income economies to meet the UN Sustainable Development Agenda 2030 successfully and timely, in particular SDGs 1, 7, 9, 10, 11, and 12. The methodology includes: (1) the creation of a geospatial data infrastructure by merging Building Information Models (BIMs) and 3D cadastral data that may support a number of applications (i.e., visualization of 3D volumetric legal entities), and (2) the use of Artificial Intelligence (AI) platforms, Machine Learning (ML), and sensors that are interconnected with devices located in the various property units to test and predict future scenarios and support energy efficiency applications. Two modular platforms are created: (1) to interact with the AI sensors for building tracking and management purposes (i.e., alarms, security cameras, control panels, etc.) and (2) to analyze the energy consumption data such as future predictions, anomaly detection, and scenario making. A case study is made for an urban neighborhood in Athens. It includes a dynamic weather simulation and visualization of different seasons and times of day in combination with internal energy consumption. © 2024 Elsevier B.V., All rights reserved.",PASS,PASS,PASS,FAIL,215,EXCLUDE_AUTO,EXCLURE,FAIL on C4_scope
225,SINERGYM – A virtual testbed for building energy optimization with Reinforcement Learning,2025,Scopus | Web of Science,10.1016/j.enbuild.2024.115075,"Simulation has become a crucial tool for Building Energy Optimization (BEO) as it enables the evaluation of different design and control strategies at a low cost. Machine Learning (ML) algorithms can leverage large-scale simulations to learn optimal control from vast amounts of data without supervision, particularly under the Reinforcement Learning (RL) paradigm. Unfortunately, the lack of open and standardized tools has hindered the widespread application of ML and RL to BEO. To address this issue, this paper presents SINERGYM, an open-source Python-based virtual testbed for large-scale building simulation, data collection, continuous control, and experiment monitoring. SINERGYM provides a consistent interface for training and running controllers, predefined benchmarks, experiment visualization and replication support, and comprehensive documentation in a ready-to-use software library. This paper 1) highlights the main features of SINERGYM in comparison to other existing frameworks, 2) describes its basic usage, and 3) demonstrates its applicability for RL-based BEO through several representative examples. By integrating simulation, data, and control, SINERGYM supports the development of intelligent, data-driven applications for more efficient and responsive building operations, aligning with the objectives of digital twin technology. © 2024 Elsevier B.V., All rights reserved.",PASS,PASS,PASS,PASS,196,INCLUDE_AUTO,INCLURE,Tous criteres PASS
226,A Workflow for a Building Information Modeling-Based Thermo-Hygrometric Digital Twin: An Experimentation in an Existing Building,2024,Scopus,10.3390/su162310281,"Building Information Modeling (BIM)-based digital twin (DT) could play a fundamental role in overcoming the limitations of traditional monitoring methods by driving the digitalization of the construction sector. While existing studies on the topic have provided valuable insights, significant knowledge gaps remain, which continue to hinder the large-scale adoption of this approach. Moreover, to date, there is no standardized procedure available, able to guide the step-by-step creation of a DT. Another significant challenge concerns the choice of technologies able to integrate perfectly with each other throughout the process. This paper outlines a comprehensive workflow for creating a digital twin (DT) of an existing building and proposes various solutions to improve the integration of different technologies involved. These enhancements aim to address the limitations of current monitoring methods and leverage the advantages of BIM and DT for accessing and managing monitoring data, ultimately facilitating the implementation of energy-efficient interventions. This work examines the concept of “Living Lab” in an office building also used as an academic laboratory. The created DT allowed for real-time remote monitoring of four rooms, each with a different functional and occupational characteristic, useful also for future predictive analyses. © 2025 Elsevier B.V., All rights reserved.",PASS,PASS,PASS,PASS,204,INCLUDE_AUTO,INCLURE,Tous criteres PASS
228,A scalable approach for real-world implementation of deep reinforcement learning controllers in buildings based on online transfer learning: The HiLo case study,2025,Scopus | Web of Science,10.1016/j.enbuild.2024.115254,"In recent years, Transfer Learning (TL) has emerged as a promising solution to scale Deep Reinforcement Learning (DRL) controllers for building energy management, addressing challenges related to DRL implementation as high data requirements and reliance on surrogate models. Moreover, most TL applications are limited to simulations, not revealing their real performance in actual buildings. This paper explores the implementation of an online TL methodology combining imitation learning and fine-tuning to transfer a DRL controller between two real office environments. Pre-trained in simulation using a calibrated digital twin, the DRL controller reduces energy consumption and improves indoor temperature control when managing the operation of a Thermally Activated Building System in one of the two offices both in simulation and in the real field. Afterwards, the DRL controller is transferred to the other office following the online TL methodology. The proposed approach outperforms a DRL controller implemented without pre-training, and Rule-Based and Proportional-Integral controllers, achieving energy savings between 6 and 40% and improving indoor temperature control between 30 and 50%. These findings underscore the efficacy of the online TL methodology as a viable solution to enhance the scalability of DRL controllers in real buildings. © 2025 Elsevier B.V., All rights reserved.",PASS,PASS,PASS,PASS,204,INCLUDE_AUTO,INCLURE,Tous criteres PASS
229,Utilizing BIM and Digital Twin Integration to Optimize Traditional Residential Green and Energy-Saving Strategies,2025,Scopus,10.1145/3745238.3745408,"In light of the issues surrounding energy consumption, efficiency and maintenance costs of green energy conservation in existing traditional dwellings, this paper is intended to address the green energy conservation performance of traditional dwellings through an integrated BIM and digital twin technology approach. (1) Building Information Modelling (BIM) technology is used to generate a three-dimensional digital model of traditional dwellings, integrating structural, material, and equipment information; (2) Digital twin technology is employed to monitor energy consumption and environmental sensing parameters of dwellings in real time, collecting data via an Internet of Things (IoT) sensor; (3) The LightGBM (Light Gradient Boosting Machine) algorithm is employed to analyze the energy consumption pattern of dwellings and optimize energy use strategies based on the data collected. The effectiveness of the proposed optimization scheme is verified through simulation after some results are shown to verify success of the optimization scheme after the integration of BIM and digital twin results in a 24.07% reduction of traditional dwelling energy consumption and a reduction of maintenance costs of 2.23 thousand yuan, the use of BIM and digital twin indicates a significant green energy performance possibility for traditional dwellings. © 2025 Elsevier B.V., All rights reserved.",PASS,FAIL,PASS,PASS,200,EXCLUDE_AUTO,EXCLURE,FAIL on C2_validation
235,Towards an occupancy-oriented digital twin for facility management: Test campaign and sensors assessment,2021,Scopus,10.3390/app11073108,"This study focuses on calibration and test campaigns of an IoT camera-based sensor system to monitor occupancy, as part of an ongoing research project aiming at defining a Building Management System (BMS) for facility management based on an occupancy-oriented Digital Twin (DT). The research project aims to facilitate the optimization of building operational stage through advanced monitoring techniques and data analytics. The quality of collected data, which are the input for analyses and simulations on the DT virtual entity, is critical to ensure the quality of the results. Therefore, calibration and test campaigns are essential to ensure data quality and efficiency of the IoT sensor system. The paper describes the general methodology for the BMS definition, and method and results of first stages of the research. The preliminary analyses included Indicative Post-Occupancy Evaluations (POEs) supported by Building Information Modelling (BIM) to optimize sensor system planning. Test campaign are then performed to evaluate collected data quality and system efficiency. The method was applied on a Department of Politecnico di Milano. The period of the year in which tests are performed was critical for lighting conditions. In addition, spaces’ geometric features and user behavior caused major issues and faults in the system. © 2021 Elsevier B.V., All rights reserved.",PASS,WEAK,PASS,PASS,210,BORDERLINE,INCLURE,"DT facility management, sensor calibration test campaign"
237,Digital-Twin-Based Evaluation of Nearly Zero-Energy Building for Existing Buildings Based on Scan-to-BIM,2021,Scopus | Web of Science,10.1155/2021/6638897,"In recent years, the global energy environment has become increasingly severe, and the problems such as global warming, soaring carbon emissions, and excessive use of petrochemical energy have attracted increasing attention from all walks of life. The construction industry, which accounts for about 30% of the total energy consumption, needs to effectively manage and use renewable energy. The application of building information model (BIM) in the evaluation of retrofitting schemes of existing buildings is one of the main research issues in the field of building digital twins at present. The method of this research is to use 3D laser scanning technology to efficiently create the building energy model (BEM) of existing buildings and to identify and evaluate the feasibility of existing building retrofitting schemes. The purpose of this research is to evaluate the retrofitting scheme of existing buildings based on the concept of nearly zero-energy buildings (nZEBs), aiming to improve the energy efficiency of existing buildings and use clean energy to satisfy building energy demand. According to the case study in this paper, an nZEBs solution suitable for the building can reduce building energy costs by 14.1%, increase solar photovoltaic power generation by 24.13%, and reduce carbon dioxide emissions by 4306.0 kg CO2eq/a. © 2021 Elsevier B.V., All rights reserved.",PASS,PASS,PASS,PASS,215,INCLUDE_AUTO,INCLURE,Tous criteres PASS
238,"The Application of CIM and BIM to the Simulation of Energy in Urban Superblocks; an Effort to Develop the Initial Digital Twins (Case Studies: Kermanshah, Iran)",2023,Scopus,10.1007/978-3-031-24767-5_32,"The integration of Building Information Modelling (BIM) and Geographic Information System (GIS) and the suggested notion of digital twins enabled buildings to be energy-efficient in terms of consumption and generation. The study employs a real-world simulation with a low level of detail to examine several types of urban superblocks and their energy use. This research presents a unique approach for integrating urban information based on two-dimensional GIS data and a three-dimensional BIM model. The research approach used in this study is a comparison of the types of urban blocks and energy, which is considered for early energy studies instead of optimising the urban configuration. Several archetypes of blocks were modelled, analysed and then studied on three levels: electrical energy, fossil fuel and energy. The study’s conclusion implies that optimisation techniques can be used in the comparative approach. While studying these various methods consumes a significant amount of time and energy, archetype evaluation consumes far less. Finally, the results reveal significant reductions in energy use in urban buildings of up to 20% compared to the ASHRAE standard model with a modest degree of detail. The results of this research may be used in the early stages of urban design in terms of superblock pattern selection. © 2023 Elsevier B.V., All rights reserved.",PASS,PASS,PASS,WEAK,216,BORDERLINE,EXCLURE,"Urban superblocks Iran case studies, scope explicite"
240,Towards Concepts for Climate and Energy-Oriented Digital Twins for Buildings,2023,Scopus,10.1145/3611314.3616066,"This paper presents concepts and approaches towards a climate and energy oriented digital twin for public buildings. The sustainable, resource-efficient operation of these buildings, such as schools and education centers, and the monitoring, control, and optimization of their climate, air, and energy performance pose multiple challenges, in particular to cope with the consequences of climate change and changes in the energy economy. In our approach, we consider buildings in which a network of heterogeneous sensors in each spatial unit records key properties such as temperature, humidity, and CO2 concentration, as well as energy consumption and solar energy production. The continuously collected sensor data forms a spatio-temporal data space, which is used by the digital twin as a basis for AI-based analyses and simulations. The transfer of time-series data in near real time can be done by different databases. Analysis techniques focusing on time-series data allow for targeted access to the information and support the identification of exceptional events, recurring patterns, and the comparison of energy and climate-related performance. A prototype of an energy- and climate-oriented digital twin is currently being implemented in a government project in Andalusia, Spain, covering about 430 public buildings. © 2023 Elsevier B.V., All rights reserved.",PASS,PASS,PASS,PASS,207,INCLUDE_AUTO,INCLURE,Tous criteres PASS
241,Smart Home HVAC Digital Twin ML Meta-Model for Electric Power Distribution Systems With Solar PV and CTA-2045 Controls,2025,IEEE Xplore,10.1109/tia.2024.3458941,"Building modeling, specifically heating, ventilation, and air conditioning (HVAC) load and equivalent energy storage calculations, represent a key focus for decarbonization of buildings and smart grid controls. In this paper, an ultra-fast one-minute resolution Hybrid Machine Learning Model (HMLM) is proposed as part of a novel contribution in the field of residential physics-based smart home surrogate modeling. Emulation of white box models, or digital twins, with editable parameters through machine learning (ML) meta-modeling serves as an alternative to wide-spread experimental Big Data collection. The HMLM employs combined k-means clustering with multiple linear regression (MLR) to emulate minutely HVAC power timestep-to-timestep with satisfactory nRMSE error of less than 10% across an entire year test set. An approach is also described to characterize HVAC systems as generalized storage (GES) devices to unify household appliance and virtual power plant (VPP) controls in accordance with industry Communication Technology Association (CTA) 2045 protocol and Energy Star metrics. Synthetic output data from experimentally calibrated EnergyPlus models for three existing smart homes managed by the Tennessee Valley Authority (TVA) is employed in residential case studies and a discussion provided for the large-scale application to hundreds of homes.",PASS,PASS,PASS,PASS,199,INCLUDE_AUTO,INCLURE,Tous criteres PASS
243,Smart Building Management System based on Digital Twin: A Case Study on Real-Time Environmental Monitoring and Thermal Comfort Prediction,2024,IEEE Xplore | Scopus,10.1109/ispa63168.2024.00294,"As urban landscapes increasingly transform into smart cities, there is an increasing emphasis on smart buildings for sustainable and efficient management of resources. This evolution necessitates innovative approaches to efficiently manage energy resources, enhance occupant comfort, and ensure environmental sustainability. In response to these challenges, this study introduces a practical and novel smart building management system, which integrates Digital Twin (DT) technology with machine learning, primarily aimed at enhancing thermal comfort in buildings. The system, underpinned by a sensor network-based DT and real-time data visualization using the Unreal Engine, employs a Deep Neural Network (DNN) to predict thermal comfort. The empirical validation, conducted in a controlled laboratory setting, involves a comparative analysis of the DNN's performance against traditional models and user experience evaluation through the USE Questionnaire. Results demonstrate the DNN's superior predictive accuracy and high user satisfaction levels in usability and effectiveness. This research highlights the significant role of DT and machine learning in revolutionizing smart building operations, setting a foundation for future advancements in creating sustainable, efficient, and occupant-friendly smart cities. © 2025 Elsevier B.V., All rights reserved.",PASS,PASS,PASS,FAIL,185,EXCLUDE_AUTO,EXCLURE,FAIL on C4_scope
244,Digital Twin for HVAC Load and Energy Storage based on a Hybrid ML Model with CTA-2045 Controls Capability,2022,IEEE Xplore,10.1109/ecce50734.2022.9948141,"Building modeling, specifically heating, ventilation, and air conditioning (HVAC) load and equivalent energy storage calculations, represent a key focus for decarbonization of buildings and smart grid controls. Widely used white box models, due to their complexity, are too computationally intensive to be employed in high resolution distributed energy resources (DER) platforms without simulation time delays. In this paper, an ultra-fast one-minute resolution Hybrid Machine Learning Model (HMLM) is proposed as part of a novel procedure to replicate white box models as an alternative to wide spread experimental big data collection. Synthetic output data from experimentally calibrated EnergyPlus models for three existing smart homes managed by the Tennessee Valley Authority is used. The HMLM employs combined k-means clustering and multiple linear regression (MLR) models to predict minutely HVAC power with satisfactory nRMSE error of less than 10% across an entire year test set. An approach is provided to characterize HVAC systems through the newly proposed hybrid model as a generalized storage (GES) device suitable for DER control and event types in accordance with the Communication Technology Association (CTA) 2045 standard and Energy Star metrics such as “energy take”, currently developed by industry, to unify household appliance controls.",PASS,PASS,PASS,PASS,199,INCLUDE_AUTO,INCLURE,Tous criteres PASS
248,Design and Implementation of a Distributed Control Platform for a Smart Building Testbed,2022,IEEE Xplore | Scopus,10.1109/hpcc-dss-smartcity-dependsys53884.2021.00216,"One of the leading frontiers of the Internet of Things (IoT) era, smart building systems have made modern homes more innovative, interconnected, and autonomous. The goal of a smart home system is to enhance users' comfort, safety, and efficiency. In this paper, a smart building testbed is designed and constructed as a cyber-physical system that allows testing and validating building control algorithms, communication networks, and user interfaces. The building control unit is responsible for optimizing the performance of testbed actuators (thermal, lighting, and access systems), whereby building parameters are aggregated via a set of distributed sensors and communicated to a management system. This data is observed and analyzed by the control system to produce optimal control commands. The building communication network is developed based on the Message Queuing Telemetry Transport (MQTT) protocol, in which subscribers receive the measurement data, format it, and send it to the user-interface unit. The user interface is implemented in a Node-RED platform, where the data is visualized in real-time, and users are capable of interacting with the automation system. Experimental results demonstrate the usefulness of such a prototype for smart building monitoring and control research. © 2022 Elsevier B.V., All rights reserved.",WEAK,PASS,PASS,PASS,201,BORDERLINE,INCLURE,"CPS smart building testbed MQTT+Node-RED, experimental"
250,A Scalable and User-Friendly Framework Integrating IoT and Digital Twins for Home Energy Management Systems,2024,Scopus | Web of Science,10.3390/app142411834,"The rise in electricity costs for households over the past year has driven significant changes in energy usage patterns, with many residents adopting smarter energy-efficient practices, such as improved indoor insulation and advanced home energy management systems powered by IoT and Digital Twin technologies. These measures not only mitigate rising bills but also ensure optimized thermal comfort and sustainability in typical residential settings. This paper proposes an innovative framework to facilitate the adoption of energy-efficient practices in households by leveraging the integration of Internet of Things technologies with Digital Twins. It introduces a novel approach that exploits standardized parametric 3D models, enabling the efficient simulation and optimization of home energy systems. This design significantly reduces deployment complexity, enhances scalability, and empowers users with real-time insights into energy consumption, indoor conditions, and actionable strategies for sustainable energy management. The results showcase that the proposed method significantly outperforms traditional approaches, achieving a 94% reduction in deployment time and a 98% decrease in memory usage through the use of standardized parametric models and plug-and-play IoT integration. © 2024 Elsevier B.V., All rights reserved.",PASS,PASS,PASS,PASS,185,INCLUDE_AUTO,INCLURE,Tous criteres PASS
251,A Novel Error Correction Mechanism for Energy-Efficient Cyber-Physical Systems in Smart Building,2018,Scopus | Web of Science,10.1109/access.2018.2854794,"Smart building is an effective solution to address the issue of energy consumption in today's cyber-physical systems (CPSs) connected world. As an important tool to collect information from a fleet of electric appliance that installed in the building scope, a wireless sensor network is widely employed for this purpose. In this paper, we propose to incorporate forward error correction into the media access control layer of IEEE 802.15.4 standard for packets transmission, as the originally used automatic repeat request mechanism is a timing and energy consumed process that should be avoided in a noisy wireless channel of a smart building environment. Based on the developed CPS simulation platform, the bits error rate and packets error rate of convolutional codes (CCs), Reed-Solomon (RS) codes, and their concatenated codes are intensively investigated, on condition of been applied to different packet length and code rates. We show that the CCs are superior to other codes in most cases. However, the RS and CCs concatenated codes are good candidates, and the RS codes with larger symbol length are preferred for a longer packet. In this regard, future research will concentrated on non-line-of-sight wireless channel, and take the pulse interference from other devices into account. © 2018 Elsevier B.V., All rights reserved.",WEAK,FAIL,PASS,PASS,215,EXCLUDE_AUTO,EXCLURE,FAIL on C2_validation
258,Enhancing Space Management through Digital Twin: A Case Study of the Lazio Region Headquarters,2024,Scopus | Web of Science,10.3390/app14177463,"Digital Twin is becoming an increasingly powerful resource in the field of building production, replacing traditional processes in the Architecture, Engineering, Construction and Operations sector. This study is concerned with the development of a DT, enabled by Building Information Modeling, artificial intelligence, machine learning, and the Internet of Things to implement space management strategies. It proposes an application case for the Lazio Region headquarters, which has partly adopted smart working typology post-COVID-19. The aim is to create an accurate digital replica of the building based on BIM, integrated with real-time data. This will help to improve the use of space, the management of resources, and the quality of services provided to the community. It also improves energy efficiency, reducing consumption by 530.40 MWh per year and reducing greenhouse gas emissions by 641.32 tons of CO<inf>2</inf> per year. The research proposes a holistic framework for the implementation of innovative solutions in the context of public infrastructure space management through the use of digital technology, facilitating the promotion of efficiency and sustainability in decision-making and operational processes through the application of a digital methodology. © 2024 Elsevier B.V., All rights reserved.",PASS,PASS,PASS,PASS,198,INCLUDE_AUTO,INCLURE,Tous criteres PASS
261,Large-scale field demonstration of an interoperable and ontology-based energy modeling framework for building digital twins,2025,Web of Science,10.1016/j.apenergy.2025.125597,"Digital twins have emerged as a promising concept for improving building energy efficiency, but their implementation faces challenges in interoperability and adaptability. This paper presents a large-scale field demonstration of an interoperable energy modeling framework for building digital twins, using ontology-based semantic models as data sources for automated model generation and calibration of data-driven component models. The study focuses on a single floor of a hospital building, comprising 12 conditioned zones and data from 45 measuring devices. Across the 45 sensors, the model achieved average mean absolute errors of 0.40 degrees C for temperature, 32 ppm for CO2 concentration, 0.06 for valve position, and 0.04 for damper position predictions. These results demonstrate the framework's ability to generate and calibrate accurate and flexible building energy models with reduced effort. The paper also showcases the framework's practical application in exploring system modifications to improve indoor comfort, highlighting its potential for scenario analysis and decision support. The proposed approach significantly streamlines the process of creating and maintaining accurate, up-to-date energy models, offering a robust foundation for digital twin applications in the built environment.",PASS,PASS,PASS,PASS,190,INCLUDE_AUTO,INCLURE,Tous criteres PASS
266,"Digital twins model and its updating method for heating, ventilation and air conditioning system using broad learning system algorithm",2022,Scopus | Web of Science,10.1016/j.energy.2022.124040,"Digital Twins (DT) can be used for the energy efficiency management of entire life cycle of HVAC systems. The existing chiller models usually can not update in real-time, so they are not suitable for real-time interactions between DT models and real physical systems. In this paper, an intelligent DT framework is proposed for HVAC systems, which includes the equipment, data, simulation, and application layers. Broad learning system (BLS) is presented to build the simulation layer of the chiller and its DT platform. The basic BLS model is optimized to reach the best performance by choosing linear rectification function as activation function and setting batch size to 64 by enumeration method. The real HVAC system located in Zhejiang province is selected to verify the proposed method. For the first half year operation, the average mean absolute error, root mean square error and coefficient of determination (R-2) of Multi-BLS model for nine chillers can reach 9.04,15.20 and 0.98 respectively. For the second half year operation, the proposed method can be updated in 4.63s and its R-2 is 0.95. Compared with conventional models, the proposed Multi-BLS model has better prediction precision and can be updated in real-time within a shorter time.(C) 2022 Elsevier Ltd. All rights reserved.",PASS,FAIL,PASS,PASS,218,EXCLUDE_AUTO,EXCLURE,FAIL on C2_validation
268,Research on Intelligent Digital Information System Under Computer Virtual Reality Technology,2024,Scopus,10.1109/eebda60612.2024.10485859,"This paper studies and designs the digital management system of intelligent building. In this paper, a fusion application method of digital twin and intelligent building system integration is proposed. By collecting building information, weak current information and safety information inside the building, the real building entity digital model is established. According to the needs of the whole life cycle of the construction project, the corresponding simulation and demonstration models are established. A 3D visualization modeling method based on BIM is proposed and applied to the hardware and software of construction equipment. It can meet the integration needs of multiple devices, and can be used for intelligent applications of a single device. The system monitors and centrally manages all the facilities in the building. Then several important links such as management and business process are comprehensively collected and controlled, making it a unified, intensive and efficient information management system. The system can effectively improve the efficiency and quality of equipment operation, reduce energy consumption and maintenance costs. The experimental results prove the correctness and practicability of this scheme. © 2024 Elsevier B.V., All rights reserved.",PASS,PASS,PASS,PASS,184,INCLUDE_AUTO,INCLURE,Tous criteres PASS
270,Digital Twin-Enabled Building Information Modeling–Internet of Things (BIM-IoT) Framework for Optimizing Indoor Thermal Comfort Using Machine Learning,2025,Scopus,10.3390/buildings15101584,"As the world moves toward a low-carbon future, a key challenge is improving buildings’ energy performance while maintaining occupant thermal comfort. Emerging digital tools such as the Internet of Things (IoT) and Building Information Modeling (BIM) offer significant potential, enabling precise monitoring and control of building systems. However, integrating these technologies into a unified Digital Twin (DT) framework remains underexplored, particularly in relation to thermal comfort. Additionally, real-world case studies are limited. This paper presents a DT-based system that combines BIM and IoT sensors to monitor and control indoor comfort in real time through an easy-to-use web platform. By using BIM spatial and geometric data along with real-time data from sensors, the system visualizes thermal comfort using a simplified Predicted Mean Vote (sPMV) index. Furthermore, it also uses a hybrid machine learning model that combines Facebook Prophet and Long Short-Term Memory (LSTM) to predict the future indoor environmental parameters. The framework enables Model Predictive Control (MPC) while providing building managers with a scalable tool to collect, analyze, visualize, and optimize thermal comfort data in real time. © 2025 Elsevier B.V., All rights reserved.",PASS,PASS,PASS,PASS,190,INCLUDE_AUTO,INCLURE,Tous criteres PASS
272,Cyber-Enabled Optimization of HVAC System Control in Open Space of Office Building,2023,Scopus | Web of Science,10.3390/s23104857,"Thermal comfort is crucial to well-being and work productivity. Human thermal comfort is mainly controlled by HVAC (heating, ventilation, air conditioning) systems in buildings. However, the control metrics and measurements of thermal comfort in HVAC systems are often oversimplified using limited parameters and fail to accurately control thermal comfort in indoor climates. Traditional comfort models also lack the ability to adapt to individual demands and sensations. This research developed a data-driven thermal comfort model to improve the overall thermal comfort of occupants in office buildings. An architecture based on cyber-physical system (CPS) is used to achieve these goals. A building simulation model is built to simulate multiple occupants’ behaviors in an open-space office building. Results suggest that a hybrid model can accurately predict occupants’ thermal comfort level with reasonable computing time. In addition, this model can improve occupants’ thermal comfort by 43.41% to 69.93%, while energy consumption remains the same or is slightly reduced (1.01% to 3.63%). This strategy can potentially be implemented in real-world building automation systems with appropriate sensor placement in modern buildings. © 2023 Elsevier B.V., All rights reserved.",WEAK,PASS,PASS,PASS,191,BORDERLINE,INCLURE,"CPS open-space office HVAC, hybrid model validation"
273,Co-zyBench: Using Co-Simulation and Digital Twins to Benchmark Thermal Comfort Provision in Smart Buildings,2024,IEEE Xplore | Scopus | Web of Science,10.1109/percom59722.2024.10494430,"Heating, Ventilation, and Air Conditioning (HVAC) systems account for 40% to 50% of energy usage in commercial buildings. Thus, innovative ways to control and manage HVAC systems while preserving occupants' comfort are required. State-of-the-art solutions employ pervasive systems with sensors or smart devices to gauge individual thermal sensations, yet assessing these methods is challenging. Real-world experiments are expensive, limited in access, and often overlook occupant and regional diversity. To address this, we introduce Co-zyBench, a benchmark tool using a Digital Twin (DT) approach for evaluating personalized thermal comfort systems. It employs a co-simulation middleware interfacing between a DT of the smart building and its HVAC system and another DT representing occupants' dynamic thermal preferences in various spaces. The DTs that support Co-zyBench are generated based on information, including data captured by sensors, of the space in which the thermal comfort system has to be evaluated. Co-zyBench incorporates metrics for energy consumption, thermal comfort, and occupant equality. It also features reference DTs based on standard buildings, HVAC systems, and occupants with diverse thermal preferences. © 2024 Elsevier B.V., All rights reserved.",PASS,PASS,PASS,PASS,188,INCLUDE_AUTO,INCLURE,Tous criteres PASS
275,Cyber-physical systems improving building energy management: Digital twin and artificial intelligence,2021,Scopus | Web of Science,10.3390/en14082338,"The research explores the potential of digital-twin-based methods and approaches aimed at achieving an intelligent optimization and automation system for energy management of a residential district through the use of three-dimensional data model integrated with Internet of Things, artificial intelligence and machine learning. The case study is focused on Rinascimento III in Rome, an area consisting of 16 eight-floor buildings with 216 apartment units powered by 70% of self-renewable energy. The combined use of integrated dynamic analysis algorithms has allowed the evaluation of different scenarios of energy efficiency intervention aimed at achieving a virtuous energy management of the complex, keeping the actual internal comfort and climate conditions. Meanwhile, the objective is also to plan and deploy a cost-effective IT (information technology) infrastructure able to provide reliable data using edge-computing paradigm. Therefore, the developed methodology led to the evaluation of the effectiveness and efficiency of integrative systems for renewable energy production from solar energy necessary to raise the threshold of self-produced energy, meeting the nZEB (near zero energy buildings) requirements. © 2021 Elsevier B.V., All rights reserved.",PASS,PASS,PASS,WEAK,184,BORDERLINE,EXCLURE,Rome 16 buildings 216 apartments residential district
278,Dynamic Modeling of Smart Buildings Energy Consumption: A Cyber-Physical Fusion Approach,2021,Scopus,10.1109/ispec53008.2021.9735981,"Energy consumption modeling constitutes an imperative step towards improving energy efficiency of smart buildings. In this context, conventional static modeling methods are not fully accurate, since the energy consumption is generally affected by multiple time-dependent factors. In order to address this limitation, this paper proposes a dynamic modeling method based on cyber-physical fusion techniques. First, the physical model of energy consumption simulation involving multiple time windows is constructed. Second, combined with the analysis of key processes and real scenarios, the heat exchange coefficient of the building envelope and the correction coefficient of air-conditioning cooling capacity are identified as key parameters for the consumption model. Subsequently, a novel parameter identification method based on one-dimensional deep convolutional network is proposed to determine the above key parameters, which are later employed by the physical model to further calibrate its accuracy. Case studies on a real-world building environment demonstrate that the proposed cyber-physical method outperforms the conventional physical methods in terms of better accuracy for energy consumption estimation. © 2022 Elsevier B.V., All rights reserved.",WEAK,PASS,PASS,PASS,177,BORDERLINE,INCLURE,"CPS dynamic modeling smart building, real-world validation"
283,A Case Study of a Microgrid for a Nearly Zero-Energy Refurbished Isolated House,2025,Scopus,10.1109/icps64254.2025.11030351,"Buildings and houses represent the largest energy- consuming sector, making energy efficiency a paramount concern in renovation projects. Building automation, coupled with redesigned electrical and thermal systems, offers significant potential for energy savings, improved comfort, and enhanced functionality. Recent policies have introduced the Nearly Zero-Energy Building (NZEB) standard, challenging us to develop refurbishment models that achieve NZEB qualification while addressing the technical and economic constraints of existing buildings. The use of renewables, storage, and high-efficiency automation systems are most readily applicable for isolated houses and villas where a microgrid that integrates all the technologies can be implemented. This article presents a model applicable to older houses, illustrated by a case study of an isolated residential unit (IRU) located in the south of Italy. Using a digital modelling design software, the digital twin of the building was created, through which an energy analysis was carried out; subsequently, the model was used as an operational graphical interface in the management of the microgrid using the building automation system (BACS). © 2025 Elsevier B.V., All rights reserved.",PASS,PASS,PASS,PASS,176,INCLUDE_AUTO,INCLURE,Tous criteres PASS
285,"DIGITAL TWIN MODEL FOR ZERO-ENERGY DISTRICTS: THE CASE STUDY OF ANZIO PORT, ITALY",2022,Scopus,10.2495/sc220291,"A digital twin (DT) for a built environment is able to predict performances and behaviours across the life cycle through the implementation of predictive models and the real-time monitoring systems. In the present paper, a DT application is described in order to transform port areas in zero-energy districts (ZED) in Italy. The project case study is the port of Anzio, as it is a particularly representative sample of a port in the Mediterranean Sea. The study focuses on energy management strategies for the existing structures integrated with production systems through renewable energy systems (RESs) for sustainable mobility. The energy analysis of the area highlights the potential of DT, combining building information modelling (BIM) and geographic information system (GIS) to evaluate different multi-scale scenarios maximizing benefits of energy efficiency strategies. The proposed DT framework of the Anzio port acquires energy data, presence data, projection of displacements and accesses, among others, together with the data acquired by the distributed sensors allowing elaborations, correlations, scenario simulations and providing insights through dashboards and data visualization. © 2023 Elsevier B.V., All rights reserved.",PASS,PASS,PASS,PASS,181,INCLUDE_AUTO,INCLURE,Tous criteres PASS
287,DIGITAL TWIN-BASED RESILIENCE EVALUATION OF DISTRICT-SCALE ARCHETYPES A COVID-19 scenario case study using a university campus pilot,2022,Scopus,10.52842/conf.caadria.2022.1.525,"District-scale energy demand models can be powerful tools for understanding interactions in complex urban areas and optimising energy systems in new developments. The process of coupling characteristics of urban environments with simulation software to achieve accurate results is nascent. We developed a digital twin through a web map application for a 170ha district-scale university campus as a pilot. The impact on the built environment is simulated with pandemic (COVID-19) and climate change scenarios. The former can be observed through varying occupancy rates and average cooling loads in the buildings during the lockdown period. The digital twin dashboard was built with visualisations of the 3D campus, real-time data from sensors, energy demand simulation results from the City Energy Analyst (CEA) tool, and occupancy rates from WiFi data. The ongoing work focuses on formulating a resilience assessment metric to measure the robustness of buildings to these disruptions. This district-scale digital twin demonstration can help in facilities management and planning applications. The results show that the digital twin approach can support decarbonising initiatives for cities. © 2024 Elsevier B.V., All rights reserved.",PASS,PASS,PASS,FAIL,184,EXCLUDE_AUTO,EXCLURE,FAIL on C4_scope
289,Digital Twin-Based Assessment Framework For Monitoring Visual Comfort,2024,IEEE Xplore,10.1109/melecon56669.2024.10608560,"A digital twin is a virtual depiction of a real-world building environment. The ongoing rapid development of the sensor system and the database is expediting the creation of a digital twin. The decision support system that incorporates digital twins is anticipated to aid designers and operators in establishing an optimal design and control strategy. This study addresses this gap by applying Digital Twin technology to optimize visual comfort in a real-world laboratory setting. The research integrates theoretical understanding of visual ergonomics with practical application, using a case study approach. The objective was to develop a Digital Twin model that simulates critical visual comfort parameters (e.g. illuminance levels, Daylight Factor and glare conditions). The case study is the Solarlab locate in the Engineering Department of the University of Palermo. This study aims to demonstrates the impact of Digital Twin technology in enhancing visual comfort within indoor environments. Through innovative applications in a laboratory setting, it highlights the potential of Digital Twins in optimizing lighting and shading systems, thereby contributing significantly to energy efficiency and user well-being.",PASS,PASS,PASS,PASS,179,INCLUDE_AUTO,INCLURE,Tous criteres PASS
291,Modular Digital Twin for Air Handling Units,2024,IEEE Xplore,10.1109/etfa61755.2024.10710856,"In recent years, the escalating challenges of climate change and the imperative for sustainable development have catalyzed the need for more energy-efficient buildings. The use of digital twins has been accelerated by advances in Internet of Things (IoT) sensors, data analytics, and novel computational methods. A new digital twin system is introduced in this paper for the modeling of Air Handling Units (AHUs), designed to accurately simulate the energy behavior and consumption of the system. The digital twin, called AHUSim, leverages an accurate mathematical model of the AHU, a modular architecture, a simple organization of the code and the use of modern tools and approaches for the implementation. This paper details the development, implementation, and validation of AHUSim, underlining its potential impact on reducing energy consumption and operational costs in buildings, thereby contributing to the broader goals of energy efficiency and sustainability. Preliminary results show the usage of AHUSim to model the physical variables that are involved in the functioning of an AHU, and the results that can be obtained in terms of assessment of energy consumption under different working conditions.",PASS,PASS,PASS,PASS,182,INCLUDE_AUTO,INCLURE,Tous criteres PASS
293,"Parametric Digital Twins for Preserving Historic Buildings: A Case Study at Löfstad Castle in Östergötland, Sweden",2025,Scopus,10.1109/access.2024.3525442,"This study showcases the digitalization of Löstad Castle in Sweden to contribute to preserving its heritage values. The castle and its collections are deteriorating due to an inappropriate indoor climate. To address this, thirteen cloud-connected sensor boxes, equipped with 84 sensors, were installed throughout the main building, from the basement to the attic, to continuously monitor various indoor environmental parameters. The collected extensive multi-parametric data form the basis for creating a parametric digital twin of the building. The digital twin and detailed data analytics offer a deeper understanding of indoor climate and guide the adoption of appropriate heating and ventilation strategies. The results revealed the need to address high humidity problems in the basement and on the ground floor, such as installing vapor barriers. Opportunities for adopting energy-efficient heating and ventilation strategies on the upper floors were also highlighted. The digitalization solution and findings are not only applicable to Löfstad Castle but also provide valuable guidance for the conservation of other historic buildings facing similar challenges. © 2025 Elsevier B.V., All rights reserved.",PASS,PASS,PASS,PASS,176,INCLUDE_AUTO,INCLURE,Tous criteres PASS
294,The role of HVAC controls in building Digital Twins: lessons learned from demonstration buildings with an application to air handling units,2023,Scopus,10.26868/25222708.2023.1434,"This study investigates how information about the controls of heating, ventilation and air-conditioning (HVAC) systems can be gathered from building automation systems for the creation of Digital Twins in Building Performance Simulation (BPS). The concept of Digital Twins in BPS environments is commonly used for Fault Detection and Diagnosis or performance gap analysis during operation. In the creation, often emphasis is put on building physics or user behavior. In modern buildings, automation systems play an important role to guarantee user comfort requirements as well as an energy efficient operation. To replicate the behavior of real HVAC systems in Building Performance Simulations, the underlying control logic has to be known. To gather this information in operation we have investigated three sources: firstly, documentation from the design phase including already existing simulation models, secondly, the control code on automation systems and thirdly, reverse engineering from measured data. The study focuses on air handling units and is based on experiences in state-of-the-art building demonstrators from research projects in Sweden and Germany. © 2023 Elsevier B.V., All rights reserved.",PASS,PASS,PASS,PASS,179,INCLUDE_AUTO,INCLURE,Tous criteres PASS
296,Design Automation for Smart Building Systems,2018,IEEE Xplore | Scopus,10.1109/jproc.2018.2856932,"Smart buildings today are aimed at providing safe, healthy, comfortable, affordable, and beautiful spaces in a carbon and energy-efficient way. They are emerging as complex cyber-physical systems with humans in the loop. Cost, the need to cope with increasing functional complexity, flexibility, fragmentation of the supply chain, and time-to-market pressure are rendering the traditional heuristic and ad hoc design paradigms inefficient and insufficient for the future. In this paper, we present a platform-based methodology for smart building design. Platform-based design (PBD) promotes the reuse of hardware and software on shared infrastructures, enables rapid prototyping of applications, and involves extensive exploration of the design space to optimize design performance. In this paper, we identify, abstract, and formalize components of smart buildings, and present a design flow that maps high-level specifications of desired building applications to their physical implementations under the PBD framework. A case study on the design of on-demand heating, ventilation, and air conditioning (HVAC) systems is presented to demonstrate the use of PBD. © 2020 Elsevier B.V., All rights reserved.",WEAK,PASS,PASS,PASS,179,BORDERLINE,INCLURE,CPS HVAC case study smart building design
300,Cost optimization of electrical usage with customizable comfort considerations,2018,IEEE Xplore,10.1109/icasi.2018.8394560,"Optimized control of the environment features such as temperature is often generalized for the majority of people; however, a specific user might not find the controlled results are optimal for him/her. Based on the popular Predicted Mean Vote (PMV) as an indoor thermal comfort index and real-time human feedback, this work presents a cyber-physical system with user-optimized control strategy that trades off between power consumption and user-specific comfort. First the range of PMV values is dynamically revised according to an individual's preference. Then particle swarm optimization (PSO) is used to find a thermal setting for air-conditioners such that within the user acceptable range of thermal comfort a user-given tradeoff between the power consumption and thermal comfort is achieved. Compared with fixed PMV settings, the proposed control method can more effectively maintain the PMV value within the occupant comfort range. If the user likes a warmer thermal comfort environment, the system can save over 25% of power consumption. If the user likes a cooler thermal comfort environment, the system will spend more than 15% of power consumption, but gain more than 68.3% of comfort.",WEAK,FAIL,PASS,PASS,192,EXCLUDE_AUTO,EXCLURE,FAIL on C2_validation
306,Digital Twin for Acoustics and Stage Craft Facility Management in a Multipurpose Hall,2023,Scopus | Web of Science,10.3390/acoustics5040053,"Digital twins aim to virtually replicate the static and dynamic building characteristics through real-time connectivity between virtual and physical counterparts. Despite its potential, research into digital twins for facility management (FM) in multipurpose spaces is at an early stage, especially to control and optimize the various uses and configuration layouts. One of the major barriers to the adoption of digital twin technology in multipurpose buildings is the lack of interoperability, primarily between building information modeling (BIM) and Internet of things (IoT) data sources. This paper presents a possible digital-twin architecture to enable digital-twin applications aiming to impact building performance, acting on the facility management of stagecraft and variable acoustic architectural elements to control the reverberation time in real time. The case study of Roberto De Silva Multipurpose Hall is presented, in which the indoor acoustic quality is controlled by the digital twin that returns the reverberation time output as a function of stage equipment layouts, variable acoustic elements and hall occupancy. © 2023 Elsevier B.V., All rights reserved.",PASS,PASS,PASS,PASS,171,INCLUDE_AUTO,INCLURE,Tous criteres PASS
307,Development of an energy digital twin from a hotel supervision system using building energy modelling,2023,Scopus,10.1088/1742-6596/2600/3/032014,"In this work, the utilization of the supervision system of a five-story hotel located in Northern Italy as tool to calibrate and validate a building energy model (BEM) is evaluated. The BEM is created using the TRNSYS simulation environment with the aim to develop a digital twin, to study the energy consumption of the building-HVAC system. The procedure for the supervision system preparation and the data analysis procedure is presented. The digital twin is then used to compare two control strategies for the thermostats’ control during summer to increase the energy efficiency of the building-HVAC system, and to use the heat storage properties of the building envelope to shift and shave the peaks of power demands. Control rules that allow a better match between electrical energy demand and availability, developed, and tested using the BEM, are pursued with the final goal to prepare the inclusion of the hotel in a smart grid. The building is modelled using TRNSYS Type 56 as a multi-zone building, with 96 thermal zones while the building monitoring is performed during the summer season from June to October 2022. © 2023 Elsevier B.V., All rights reserved.",PASS,PASS,PASS,PASS,194,INCLUDE_AUTO,INCLURE,Tous criteres PASS
311,Biscuit: Building intelligent system customer investment tools,2019,Scopus,10.1016/j.egypro.2019.01.495,"Smart buildings as human-cyber-physical systems (h-CPSs) are capable of providing intelligent services, such as indoor positioning, personalized lighting, demand-based heating ventilation and air-conditioning, and automatic fault detection and recovery, just to name a few. However, most buildings nowadays lack the basic components and infrastructure to support such services. The investment decision of intelligent system design and retrofit can be a daunting task, because it involves both hardware (sensors, actuators, servers) and software (operating systems, service algorithms), which have issues of compatibility, functionality constraints, and opportunities of co-design of synergy. This work proposes a user-oriented investment decision toolset aimed at handling the complexity of exploration in the large design space and to enhance cost-effectiveness, energy efficiency, and human-centric values. The toolset is demonstrated in a case study to retrofit a medium-sized building, where it is shown to propose a design that significantly lowers the overall investment cost while achieving user specifications. © 2019 Elsevier B.V., All rights reserved.",WEAK,PASS,PASS,PASS,167,BORDERLINE,EXCLURE,"Investment decision toolset, pas DT operation"
314,Enhancing Public Building Energy Efficiency Through Digital Twin Modeling and Iterative Simulation: A Sustainable Approach,2024,IEEE Xplore | Scopus,10.1109/icecce63537.2024.10823633,"The digital twin of a public building, Città Metropolitana di Milano, is simulated to analyze energy consumption and efficiency under various operational conditions and assumptions. Iterative simulations identified key measures for reducing energy consumption and enhancing efficiency, focusing on window glazing, reduced lighting power density, and solar panel integration, considering constant HVAC systems and schedules. The analysis compares a base case with existing characteristics to a proposed case incorporating energy-efficient measures, yielding improvements in energy performance. These strategies reduce reliance on fossil fuel-based energy and promote a transition to sustainable energy sources. These performance measures reduce reliance on fossil fuel-based energy consumption and pave the way toward greener and more sustainable energy resources-based energy consumption as per UN SGDs 7 and 11. This research will be a valuable tool for policymakers and building managers to visualize real-time energy performance to ensure improved energy efficiency and predictive maintenance. © 2025 Elsevier B.V., All rights reserved.",PASS,WEAK,PASS,PASS,159,BORDERLINE,INCLURE,"DT public building Milano, iterative simulation"
316,Artificial Intelligence and a Digital Twin are effecting building energy Management,2022,IEEE Xplore | Scopus,10.1109/icses55317.2022.9914233,"Using a three-dimensional data model connected to the Internet of Things, artificial intelligence, and machines, the study looks into the possibility of using digital twin-based techniques and methods to create an intelligent optimization and automation system to manage energy in a residential area. The Rinascimento III neighbourhood in Rome is the focus of the case study. It has 16 eight-story buildings with 216 apartments that are powered by renewable energy for 70% of the time. Because the complex has dynamic analytic algorithms built in, many different energy-efficient intervention scenarios can be tested to make sure the real comfort and temperature levels of the complex are kept. At the same time, a reliable IT infrastructure based on advanced computing paradigms that can deliver data is being designed and put into place. To meet NZEB criteria, a method was created to analyse the efficiency and effectiveness of integrated systems for producing renewable energy from solar energy. This is needed to raise the threshold of self-produced energy (near zero energy buildings). © 2022 Elsevier B.V., All rights reserved.",PASS,PASS,PASS,FAIL,180,EXCLUDE_AUTO,EXCLURE,FAIL on C4_scope
321,DEMO: Web-CozyBench - A Web-Based Platform to Benchmark Thermal Comfort Provision Using Digital Twins,2025,IEEE Xplore | Scopus,10.1109/smartcomp65954.2025.00051,"Providing individual thermal comfort to occupants while minimizing energy use is a significant challenge in smart building management. Simulation-based benchmarks such as CozyBench have been developed to evaluate occupant-centric thermal comfort provision systems using Digital Twin (DT) models of buildings and occupants. In this paper, we present Web-CozyBench, a web-based platform that extends CozyBench by offering an intuitive, user-friendly interface for configuring experiments, running co-simulations, and visualizing results. Web-CozyBench lowers the barrier to entry for researchers and practitioners to benchmark thermal comfort provision systems by eliminating the need to directly handle complex simulation configurations. We outline the system design of Web-CozyBench and demonstrate its usage through a step-by-step scenario. The demonstration showcases how users can easily set up building and occupant digital twins, select a control strategy, run the simulation, and analyze performance metrics such as comfort and energy efficiency through the web interface. © 2025 Elsevier B.V., All rights reserved.",PASS,PASS,PASS,PASS,161,INCLUDE_AUTO,INCLURE,Tous criteres PASS
323,A hybrid intelligent control based cyber-physical system for thermal comfort in smart homes,2019,Scopus,10.1504/ijahuc.2019.098863,"With the fast development of human society, as environmental issues have drawn incomparable attention, energy efficiency is playing a significant role in residential buildings. Meanwhile, spending more time in homes leads people to constantly improve comfort there. Considering the fact that space heating makes a great contribution to residential energy consumption and thermal comfort, this paper presents a novel hybrid intelligent control (HIC) system to manage space heating devices in a smart home with advanced technologies to save energy while to increase thermal comfort level. The approach combines a meta-heuristic algorithm used to compute a setpoint from the Predicted Mean Vote model with a Proportional-Integral-Derivative controller for indoor temperature regulation. In order to validate the system, computer simulations are conducted and analysed. The results indicate the proposed control system can provide better thermal comfort comparing with other conventional and intelligent control methods, and consume less energy when demand response is considered. © 2024 Elsevier B.V., All rights reserved.",WEAK,PASS,PASS,PASS,161,BORDERLINE,INCLURE,"CPS smart home thermal comfort, simulation validation"
325,Transfer Learning-based Hybrid Modeling Approach for Indoor Temperature Modeling,2022,IEEE Xplore | Scopus,10.1109/iecon49645.2022.9968939,"Indoor temperature modeling has been a vital component to develop accurate digital twins and smart controllers for buildings. Hybrid (also known as gray-box) modeling caught significant attention from the literature for this task. Combining the accumulated physical knowledge we have about thermal behavior with modern data-driven techniques promises more accurate and stable prediction models which can be used in various applications. However, methods such as data-driven parameter optimization and constrained training proposed in the literature show practical limitations such as high computational expense and software incompatibilities. In this paper we propose a transfer learning-based hybrid modeling approach where a CNN-LSTM model is pre-trained with the simulation data and then refined with the real-life data, thus, creating a completely data-driven hybrid model. We compared our approach to the same CNN-LSTM architecture trained only on real-life data. We reported significant accuracy and stability increases with the proposed approach. © 2024 Elsevier B.V., All rights reserved.",PASS,FAIL,PASS,PASS,163,EXCLUDE_AUTO,EXCLURE,FAIL on C2_validation
326,Optimizing Building Performance: A Novel Digital Twin Framework for Enhanced Thermal Comfort,2024,IEEE Xplore | Scopus,10.1109/synergymed62435.2024.10799267,"Digital Twin (DT) technology has evolved from a theoretical concept to a practical tool with widespread applications. In the built environment, DT serves as a virtual representation of physical buildings, integrating data from sensors, Building Information Modeling (BIM), and historical performance to monitor, analyze, and optimize building operations. Despite extensive research in this field, gaps remain, particularly in providing quantitative results and integrating DT frameworks with building control systems. Addressing these gaps, this study proposes a novel DT framework designed to optimize building performance. Utilizing BIM, data visualization tools, and a custom Building Energy Model (BEM), the framework offers real-time feedback to control systems, tested in a virtual environment (Simulation In the Loop - SIL) to demonstrate its benefits, particularly in optimizing thermal comfort by providing energy consumption insights. Quantitative analyses highlight the potential of DT technology in enhancing building performance. © 2025 Elsevier B.V., All rights reserved.",PASS,PASS,PASS,PASS,148,INCLUDE_AUTO,INCLURE,Tous criteres PASS
327,Benchmarks for cyber-physical systems: A modular model library for building automation systems,2018,Scopus,10.1016/j.ifacol.2018.08.009,"Building Automation Systems (BAS) are exemplars of Cyber-Physical Systems (CPS), incorporating digital control architectures over underlying continuous physical processes. We provide a modular model library for BAS drawn from expertise developed on a real BAS setup. The library allows to build models comprising either physical quantities or digital control modules. The structure, operation, and dynamics of the model can be complex, incorporating (i) stochasticity, (ii) non-linearities, (iii) numerous continuous variables or discrete states, (iv) various input and output signals, and (v) a large number of possible discrete configurations. The modular composition of BAS components can generate useful CPS benchmarks. We display this use by means of three realistic case studies, where corresponding models are built and engaged with different analysis goals. The benchmarks, the model library and associated data collected from the BAS setup at the University of Oxford, are kept on-line at https://github.com/natchi92/BASBenchmarks © 2021 Elsevier B.V., All rights reserved.",WEAK,PASS,PASS,PASS,158,BORDERLINE,INCLURE,"CPS BAS benchmark library, 3 Oxford case studies"
341,Unlocking Potentials of Building Energy Systems' Operational Efficiency: Application of Digital Twin Design for HVAC systems,2020,Web of Science,10.26868/25222708.2019.210257,"Building energy systems are complex because of their nonlinear behaviour and stochastic environmental interactions. Thus, their efficiency depends on both component design and control strategy. Aiming for high efficiencies over the whole lifecycle, we apply Product Lifecycle Management and Digital Twin Design to HVAC systems, initially using an energy recovery ventilation (ERV) simulation model. We develop a Digital Twin Prototype in Modelica of the ERV unit to predict physical system behaviour. Verifying functionality and suitability, we set up a Digital Twin Instance (DTI) by calibrating the model against measurement data of the physical twin. DTI and physical twin communicate via MQTT interfaces with each other. The approach enables DTIs to calculate predictions for different scenarios per instance, which increases systems' efficiency significantly. In conclusion, this framework allows an application of innovative and predictive control and maintenance strategies to HVAC systems.",PASS,PASS,PASS,PASS,140,INCLUDE_AUTO,INCLURE,Tous criteres PASS
344,Digital twin for indoor condition monitoring in living labs: University library case study,2024,Scopus | Web of Science,10.1016/j.autcon.2023.105188,"Digital twin, a technology bridging the physical and digital domains, has found extensive application in digitally advanced industries. However, its adoption in the construction sector remains limited, hindered by challenges related to construction, integration with real-time data capture, and visualisation platforms. This paper presents a construction industry digital twin that combines Building Information Modelling-based data visualisation with an Internet of Things-driven live data capture platform, outlining a methodology for its development. The digital twin was implemented in a university library embodying the ‘Living Lab’ concept to account for the nuances associated with live environments. It integrates sensors with Building Information Modelling to offer a semiotic representation of the library's internal conditions in digital twin, empowering facility managers to proactively optimize thermal, lighting, and air quality. © 2023 Elsevier B.V., All rights reserved.",PASS,PASS,PASS,PASS,136,INCLUDE_AUTO,INCLURE,Tous criteres PASS
345,Multi-Physics and Artificial Intelligence Models for Digital Twin Implementations of Residential Electric Loads,2022,IEEE Xplore,10.1109/icrera55966.2022.9922831,"Heating, ventilation, and air-conditioning (HVAC) and electric water heating (EWH) represent residential loads. Simulating these appliances for electric load forecasting, demand response (DR) studies, and human behavior analysis using physics-based models and artificial intelligence (AI) can further advance smart home technology. This paper explains the background of residential load modeling, starting with the concept of digital twin (DT) as well as the different types of methods. Two major types of appliance load monitoring (ALM) and their advantages/disadvantages are then discussed. This is followed by a review of multiple studies on residential load modeling, particularly for HVAC, EWH, and human behavior. Further examples of electric load forecasts and DR case studies using experimental smart homes are provided. The results and impact of these studies are discussed, as well as their contribution to the advancement of smart home technology and large-scale application.",PASS,PASS,PASS,PASS,144,INCLUDE_AUTO,INCLURE,Tous criteres PASS
346,Optimal Energy Consumption Control in a Multi-Zone Building Based on a Hybrid Digital Twin,2023,IEEE Xplore,10.1109/smartindustrycon57312.2023.10110760,"The paper considers a solution for optimal energy consumption control in a multi-zone office building based on a hybrid digital twin of a building. The hybrid digital twin comprises the energy model of the building, digital energy consumption models of both individual zones and the entire building, and a computer model of the heating, ventilation, and air conditioning system of the building. Artificial neural networks were used to implement all digital models. The EnergyPlus energy simulation system generated the input data to train neural networks. A genetic algorithm was used to find an optimal solution to the problem. The optimal energy consumption control of the building was implemented in the DTTool software package, developed by the author. This approach allows implementing optimal energy consumption control for multi-zone buildings with the division of energy consumption into that consumed by the entire building and that consumed by certain zones of the building.",PASS,WEAK,PASS,PASS,152,BORDERLINE,INCLURE,Hybrid DT multi-zone building EnergyPlus+GA
348,WSN-Based Data-Driven Digital Twin for Energy Efficient HVAC Systems,2023,IEEE Xplore,10.1109/scc59637.2023.10527716,"Efficiently managing of energy consumption while ensuring a comfortable indoor environment is a crucial challenge in Heating Ventilation and Air Condition (HVAC) system control. Traditional approaches rely on physical models, while effective to some extent, entail laborious, time-consuming processes and lack scalability, imposing a substantial burden on HVAC system controllers. In this paper, we propose a data driven approach combined with Wireless Sensor Network (WSN) and Digital Twins (DT), allowing for the representation of system components in both the physical and virtual worlds. More specifically, a Long Short-Term Memory (LSTM) is integrated to enable in-advance modeling and prediction of indoor temperature for a potential Model Predictive Controller (MPC). The LSTM model is trained and validated using a dataset collected from sensors deployed in a candidate building. Several benchmarks were evaluated to ensure the efficiency of the proposed system model.",PASS,PASS,PASS,PASS,142,INCLUDE_AUTO,INCLURE,Tous criteres PASS
350,"Potential energy, demand, emissions, and cost savings distributions for buildings in a utility’s service area",2021,Scopus,10.3390/en14010132,"Several companies, universities, and national laboratories are developing urban-scale energy modeling that allows the creation of a digital twin of buildings for the simulation and optimization of real-world, city-sized areas. Prior to simulation-based assessment, a baseline of savings for a set of utility-defined use cases was established to clarify the initial business case for specific energy efficient building technologies. In partnership with a municipal utility, 178,337 OpenStudio and EnergyPlus models of buildings in the utility’s 1400 km2 service area were created, simulated, and assessed with measures for quantifying energy, demand, cost, and emissions reductions of each building. The method of construction and assumptions behind these models is discussed, definitions of example measures are provided, and distribution of savings across the building stock is provided under a maximum technical adoption scenario. © 2021 Elsevier B.V., All rights reserved.",PASS,PASS,PASS,WEAK,144,BORDERLINE,EXCLURE,"178k buildings utility 1400km2 service area, city-scale"
351,Towards the Digital Twinning and Simulation of a Smart Building for Well-Being,2024,IEEE Xplore,10.1109/wsc63780.2024.10838963,"Smart cities and buildings are enabled by the Internet of Things (IoT) sensor infrastructures integration and monitoring in the current Industry 5.0 era. Environment sensing, people and robots counting enable the simulations of both digital twin and agent-based modelling (ABM). This enables the understanding of the impact between the built environment and humans. The movement analysis allows planning and design of spaces as well as utilizing machine learning methods to train the trajectories for space usage prediction. Human behavior and social interaction comprehension is important to generate people friendly spaces. The GEAR is a smart, green, and WELL certified building embedded with sensors as a living lab for research and development. The diverse workspace layouts create an ideal testbed to study human and built environment interactions. This pursuit is to achieve more sustainable and better designed spaces for human well-being in the fast-changing world.",PASS,PASS,PASS,FAIL,148,EXCLUDE_AUTO,EXCLURE,FAIL on C4_scope
356,Predictive thermal comfort control for cyber-physical home systems,2018,Scopus,10.1109/sysose.2018.8428734,"With the emergence of Internet of Things (IoT) and smart homes, the demand for energy efficient thermal comfort has also increased significantly to address the importance of quality of life (QoL) in a modern society. In this paper, we present a model predictive control (MPC) based thermal comfort controller for cyber-physical home systems (CPHS). The MPC controller is integrated into the existing Energy Efficient Thermal Comfort Control (EETCC) system that was developed for the experimental smart house, iHouse. The advantages of MPC was explored in a real time manner for reference tracking and energy minimization scenarios. Besides, Predicted Mean Vote (PMV) index is also adopted into the MPC controller to further enhance the energy efficiency and thermal comfort of the CPHS. The proposed methods are evaluated and verified under various seasons in a CPHS simulation using raw environmental data from the iHouse. © 2018 Elsevier B.V., All rights reserved.",WEAK,PASS,PASS,PASS,150,BORDERLINE,INCLURE,CPHS iHouse predictive thermal comfort
358,The Potential of Digital Twin Model Integrated with Artificial Intelligence Systems,2020,IEEE Xplore | Scopus,10.1109/eeeic/icpseurope49358.2020.9160810,"The paper explores the use of a 'digital twin model' applied to the case study of a residential district, and organized as a three-dimensional data system able to participate to the intelligent optimization and automation of the energy management and efficiency of the building system. The case study focuses on the area called Rinascimento III in Rome, consisting of 16 eight-floor building hosting 216 apartment units with an overall percentage of self-renewable energy produced by the building complex equal to 70%. This already quite high percentage means that the building complex can be defined as a Near Zero Energy Building (NZEB), i.e. a building that has a very high energy performance, and the nearly-zero or very low amount of energy required should be covered to a very significant extent by energy from renewable sources, including energy from renewable source produced on-site or nearby. © 2020 Elsevier B.V., All rights reserved.",PASS,PASS,PASS,PASS,156,INCLUDE_AUTO,INCLURE,Tous criteres PASS
361,Scalable Building Energy Efficiency Balancing,2024,IEEE Xplore,10.23919/annsim61499.2024.10732099,"Buildings, especially existing buildings, consume too much energy in a way we do not monitor and control continuously. Such overconsumption both substantially counteracts efforts to slow down climate change and is financially costly, which is a highly pressing topic in current times. Yet under the premise of applying Building Information Modeling (BIM), the automated and scalable generation of digital twins from building models for building energy efficiency balancing is feasible as we demonstrate. Consequently, existing and new buildings can be twinned for building energy efficiency balancing both to identify necessary refurbishments for existing buildings, and, in the event of new buildings, take the right decisions during the planning and design, and operation phase, respectively. Our proposal has been evaluated in the course of expert interviews to verify both its practical feasibility and relevance.",PASS,PASS,PASS,PASS,133,INCLUDE_AUTO,INCLURE,Tous criteres PASS
363,Evaluating the Impact of Data Availability on Machine Learning-augmented MPC for a Building Energy Management System,2024,IEEE Xplore | Scopus | Web of Science,10.1109/isgteurope62998.2024.10863763,"A major challenge in the development of Model Predictive Control (MPC)-based energy management systems (EMSs) for buildings is the availability of an accurate model. One approach to address this is to augment an existing gray-box model with data-driven residual estimators. The efficacy of such estimators, and hence the performance of the EMS, relies on the availability of sufficient and suitable training data. In this work, we evaluate how different data availability scenarios affect estimator and controller performance. To do this, we perform software-in- the-loop (SiL) simulation with a physics-based digital twin using real measurement data. Simulation results show that acceptable estimation and control performance can already be achieved with limited available data, and we confirm that leveraging historical data for pretraining boosts efficacy. © 2025 Elsevier B.V., All rights reserved.",PASS,WEAK,PASS,PASS,136,BORDERLINE,INCLURE,Physics-based DT + SiL real measurement data
366,Cloud-based hardware-in-the-loop testing of building automation controllers,2021,Scopus,10.1088/1742-6596/2042/1/012025,"This paper aims to fill the gap in knowledge about building control testing, thus encouraging control evaluation, to ultimately improve energy efficiency in building operation. A hardware controller and its digital twin are tested in real-time in a separate platform in the cloud, and the results are analyzed to determine what insights can tests on virtual controllers give about the behaviors of their real-life hardware counter-parts. Key performance indicators (KPIs) from literature are used to evaluate the control. It is shown that although the controllers differ in their control output time-series, their overall performance profile along the entire simulation run follows a similar pattern (KPI percent error varies between 3% and 8%). This implies that virtual controller testing can be a good indicator of hardware controller behavior. © 2021 Elsevier B.V., All rights reserved.",PASS,PASS,PASS,PASS,138,INCLUDE_AUTO,INCLURE,Tous criteres PASS
371,Development of a BIM-Data Mining Integrated Digital Twin and Its Use for Lifecycle Management Tools,2025,IEEE Xplore,10.1109/ice/itmc65658.2025.11106549,"The integration of Building Information Modeling (BIM) with data mining techniques in a Digital Twin environment offers a transformative approach to lifecycle management in the built environment. This paper presents the development of a BIM-data mining integrated digital twin framework within the DATAWiSE project, leveraging AI-enhanced decision-support tools for energy optimization, predictive maintenance, and circular lifecycle assessment. Furthermore, the paper discusses how incorporating open-source green building initiatives, particularly gbXML, OpenStudio, and EnergyPlus, can enrich the energy modeling and real-time analytics capabilities. The proposed approach aligns with best practices from the Digital Twin Consortium and buildingSMART International to establish an open, interoperable, and scalable framework for sustainable building management.",PASS,WEAK,PASS,PASS,113,BORDERLINE,EXCLURE,Framework theorique sans validation propre
372,Automatic Modelica BEM generation from IFC BIM,2024,Scopus,10.1109/metrolivenv60384.2024.10615614,"The emergence of BIM-assisted building digital twins is facilitating building digitalization efforts across various domains. These digital twins necessitate the creation of building energy models (BEM) derived from BIM data. These models are crucial for conducting building simulations, which in turn evaluate the thermal performance of buildings. To address this need, this study presents a semi-automated workflow for converting BIM data into BEMs. Specifically, the workflow utilizes IFC BIMs generated from point cloud data obtained through building scans. Manual intervention in this workflow is minimal, primarily focusing on detecting and correcting errors in BIM geometry resulting from the semi-automatic conversion of point cloud data to BIM format. The process is applied to an existing office building. © 2024 Elsevier B.V., All rights reserved.",PASS,WEAK,PASS,PASS,126,BORDERLINE,INCLURE,DT existing office building case Modelica BEM
373,Regression-Based Model Error Compensation for a Hierarchical MPC Building Energy Management System,2023,IEEE Xplore | Scopus,10.1109/ccta54093.2023.10252861,"One of the major challenges in the development of energy management systems (EMSs) for complex buildings is accurate modeling. To address this, we propose an EMS, which combines a Model Predictive Control (MPC) approach with data-driven model error compensation. The hierarchical MPC approach consists of two layers: An aggregator controls the overall energy flows of the building in an aggregated perspective, while a distributor distributes heating and cooling powers to individual temperature zones. The controllers of both layers employ regression-based error estimation to predict and incorporate the model error. The proposed approach is evaluated in a software-in-the-loop simulation using a physics-based digital twin model. Simulation results show the efficacy and robustness of the proposed approach. © 2023 Elsevier B.V., All rights reserved.",PASS,WEAK,PASS,PASS,128,BORDERLINE,INCLURE,Physics-based DT + SiL hierarchical MPC
379,Adaptive optimization for smart operation of cyber-physical systems: A thermostatic zoning test case,2017,Scopus,10.1109/icca.2017.8003064,"In the current state of the art load management and demand response actions in smart buildings are often predetermined by a field engineer to a fixed set of (rule-based) options. This fixed set of options often neglects the cyber-physical nature of the building dynamics, thermostatic action and building automation system. In this work we will combine a rule-based load management program with a learning feedback load management program that can operate on top of the rules. We demonstrate via extensive simulations the effectiveness of the program for intelligent management of the heating, ventilating and air conditioning (HVAC) loads so as to exploit renewable energy sources, while taking into account human-related constraints like thermal comfort. © 2017 Elsevier B.V., All rights reserved.",WEAK,PASS,PASS,PASS,125,BORDERLINE,INCLURE,"CPS thermostatic zoning HVAC, extensive simulations"
381,Calibration and validation of physics-based data-driven models for simulating the thermal behavior of indoor spaces in an assisted living facility,2024,Scopus | Web of Science,10.1051/e3sconf/202456211003,"A case study represented by an assisted living facility in Norway is modeled utilizing physics-based data-driven digital twin (DT) of the indoor thermal spaces with indoor temperature. Autoregressive Distributed Lag (ARDL), Machine Learning (ML), and Non-linear Autoregressive (NARX) models with timeseries and sliding-window cross-validation are compared. Results show that NARX models have the highest accuracy, with a MAPE score of 0.03%. In addition, the sliding-window enhanced the models'accuracy and reduced the cyclical pattern for the autocorrelated values. The HVAC systems in this study case are representative of those found in Norwegian buildings, making the digital twin calibration applicable to other facilities. © 2024 Elsevier B.V., All rights reserved.",PASS,PASS,PASS,PASS,116,INCLUDE_AUTO,INCLURE,Tous criteres PASS
385,Study of adaptive model predictive control for cyber-physical home systems,2019,Scopus,10.1007/978-981-13-2622-6_17,"With the inception of connected devices in smart homes, the need for user adaptive and context-aware systems have been increasing steadily. In this paper, we present an adaptive model predictive control (MPC) based controller for cyber-physical home systems (CPHS) environment. The adaptive MPC controller is integrated into the existing Energy Efficient Thermal Comfort Control (EETCC) system that was developed specifically for the experimental smart house, iHouse. The proposed adaptive MPC is designed in a real time manner for temperature reference tracking scenario where it is evaluated and verified in a CPHS simulation using raw environmental data from the iHouse. © 2018 Elsevier B.V., All rights reserved.",WEAK,PASS,PASS,PASS,108,BORDERLINE,INCLURE,"CPHS adaptive MPC iHouse, real env data"
530,Energy and carbon management system for a city and a nation,2022,Scopus,,"A digital twin model for energy and carbon management of the building sector, both nationally and at the city level, is developed. The model consists of the following three tools: 1) a bottom-up, end-use energy simulation model that replicates the energy demand determination mechanism, 2) individual statistical data that explain the relationships between household/building characteristics and appliance ownership/energy-saving behavior, which enables the model to consider the heterogeneity of households and buildings, and 3) smart meter data that can be used to analyse the energy efficiency progress of households and buildings. The concept of an energy/carbon management system is introduced and the progress of the Japanese Plan for Global Warming Countermeasures (PGWC) is assessed. A distinctive feature of the Japanese PGWC is that it clearly identifies the target diffusion amounts for each countermeasure technology. To simulate Japan's residential sector, a representative sample of 0.03 % of Japanese households is randomly selected, and various characteristics, including the number and attributes of household occupants, the thermal performance of the residential building, occupant ownership and use of home appliances, and the type of water heater and space heating equipment, are used to accurately reflect population heterogeneity. With these data, together with weather data for the target years, the annual energy demand of the Japanese residential and non-residential sectors is simulated for 2013-2019. In the residential sector, the impact of differences in weather conditions is found to be substantial, reaching a maximum of 50 %. For the non-residential sector, the effect of weather differences is relatively small. The effect of the government's energy efficiency measures as estimated by the simulation is smaller than the government estimates for both the residential and non-residential sectors, and is well below the government's 2019 target. © 2023 Elsevier B.V., All rights reserved.",PASS,WEAK,PASS,WEAK,305,BORDERLINE,EXCLURE,Energy management 'city and nation' national scale
535,Energy Signature Modeling Towards Digital Twins – Lessons Learned From a Case Study With TRV and GAHP Technologies,2022,Scopus,,"In building refurbishment projects, efficient technologies such as heat pumps are increasingly being used as a substitute for conventional technologies such as condensing boilers, with the aim of reducing carbon emissions and determining operational energy and cost savings. Measured building performance, however, often reveals a significant gap between the predicted energy use (design stage) and actual energy use (operation stage). For this reason, a scalable energy signature modeling approach is presented in this paper to verify building energy performance from measured data. Regression models are built with data at multiple temporal resolutions (monthly and daily) and are used to verify the performance improvement due to smart heating controllers (TRV) and Gas Absorption Heat Pumps (GAHP). The capabilities of energy signature analysis are enhanced by including additional variables in the modeling process and by running the models as “digital twins” with a rolling horizon of 15 days of data. Finally, a regression model for GAHP technology is developed to validate the results measured in the monitoring process in a comparative way. The case study chosen is Hale Court sheltered housing, located in the city of Portsmouth (UK). The results obtained are used to illustrate possible extensions of the use of energy signature modeling, highlighting implications for energy management and innovative building technologies development. © 2023 Elsevier B.V., All rights reserved.",PASS,PASS,PASS,WEAK,219,BORDERLINE,INCLURE,DT-towards Hale Court sheltered housing case study
538,Digital Twin for Buildings - The Way Towards Sustainable Buildings,2024,Scopus,,"This paper is a component of a project seeking to integrate multiple research avenues into an advanced, sustainable building concept. The project encompasses a range of research directions, including innovative materials, sustainable technologies, and intelligent building systems. The paper presents a case study regarding the energy consumption simulation for a Basement + Ground Floor + 4 Upper Floors building which is typical for Bucharest Romania. There are seven configurations which have been simulated considering different thermal isolations, different heating systems, different ventilation systems and different renewable energy sources. The integration of the results obtained from the simulations with other research outputs from materials, technologies, and user-building interaction models into the digital replica of a building represents a holistic approach to built environment simulation. This aproach could offer robust decision-making tools for local public authorities, enabling them to conduct analyses on various scenarios for both new constructions and existing buildings. © 2024 Elsevier B.V., All rights reserved.",PASS,PASS,PASS,PASS,156,INCLUDE_AUTO,INCLURE,Tous criteres PASS
540,Unlocking potentials of building energy systems' operational efficiency: Application of digital twin design for HVAC systems,2019,Scopus,,"Building energy systems are complex because of their nonlinear behaviour and stochastic environmental interactions. Thus, their efficiency depends on both component design and control strategy. Aiming for high efficiencies over the whole lifecycle, we apply Product Lifecycle Management and Digital Twin Design to HVAC systems, initially using an energy recovery ventilation (ERV) simulation model. We develop a Digital Twin Prototype in Modelica of the ERV unit to predict physical system behaviour. Verifying functionality and suitability, we set up a Digital Twin Instance (DTI) by calibrating the model against measurement data of the physical twin. DTI and physical twin communicate via MQTT interfaces with each other. The approach enables DTIs to calculate predictions for different scenarios per instance, which increases systems' efficiency significantly. In conclusion, this framework allows an application of innovative and predictive control and maintenance strategies to HVAC systems. © 2021 Elsevier B.V., All rights reserved.",PASS,PASS,PASS,PASS,147,INCLUDE_AUTO,INCLURE,Tous criteres PASS
542,Connecting the buildings of the past to the cities of the future with digital twins,2019,Scopus,,"Over the past five years, innovations in multiple areas of the building process have evolved from the earliest implementation of building information modelling to the current use of intelligent digital twins. With implementation, property owners can gather data from across a built asset (including design information, asset data, manuals, warranty info, and live BMS data) to create an exact living replica of the built form. This platform is enabling businesses to transform their assets and improve the construction, operation, and experience of the built world. The case study explores the challenges faced by the owner and contractor group at a critical stage in the building's life and how the solution enabled the team to collect, validate, structure, and tag all key building data. With a single point of truth for asset data, the live asset register contains all pieces of equipment accessible at any time of an operationally ready building. © 2020 Elsevier B.V., All rights reserved.",PASS,PASS,PASS,PASS,158,INCLUDE_AUTO,INCLURE,Tous criteres PASS
545,Leveraging Digital Twin for Enhancing Occupants' Comfort: A Case Study,2022,Web of Science,,"Indoor air conditioning schedule has a significant impact on building energy consumption and occupants' comfort. In order to assure the comfort and health of the occupants, it is necessary to continuously monitor indoor air conditions and adjust the setpoint of the building systems according. Occupant-centric operation of building systems often results in saving energy and more satisfaction in the occupants. Recent advancement in the digital twin technology has created the potentials for real-time monitoring and assessment of indoor air condition, which is an essential need for occupant-centric building operations. This article discusses a case study on creating a digital twin of a building at Roger Williams University to investigate the potentials and challenges of implementing a digital twin for the occupant-centric operation of facilities.",PASS,PASS,PASS,PASS,128,INCLUDE_AUTO,INCLURE,Tous criteres PASS
547,DATA-DRIVEN PREDICTIVE CONTROL FOR COMMERCIAL BUILDINGS WITH MULTIPLE ENERGY FLEXIBILITY SOURCESyy,2020,Web of Science,,"Data-Driven Predictive Control, representing the building as a cyber-physical system, shows promising potential in harnessing energy flexibility f o r demand side management, where the efforts in developing a physics-based model can be significant. Here, predictive control using random forests is applied in a case study closed-loop simulation of a large office building with multiple energy flexibility s o urces, thereby testing the suitability of the technique for such buildings. Further, consideration is given to the feature selection and feature engineering process. The results show that the data-driven predictive control, under a dynamic grid signal, is capable of minimising energy consumption or energy cost.",WEAK,PASS,PASS,PASS,109,BORDERLINE,INCLURE,CPS commercial building case study closed-loop sim
